numpat,NOMBRE SEGÚN ISSS,CLASIFICACIÓN POR INSTITUCIÓN O MINISTERIO,Privada
801890106,MINISTERIO DE RELACIONES EXTERIORES,MINISTERIO DE RELACIONES EXTERIORES,0
001150374,INSTITUTO ESPECIALIZADO DE EDUCACION SUPERIOR FORMACION DIPLOMATICA,MINISTERIO DE RELACIONES EXTERIORES,0
701150462,DIRECCION GENERAL DE MIGRACION,MINISTERIO DE JUSTICIA Y SEGURIDAD PUBLICA,0
010790002,MINISTERIO DE TRABAJO Y PREVISION SOCIAL,MINISTERIO DE TRABAJO Y PREVISION SOCIAL,0
011790006,MINISTERIO DE TRABAJO Y PREVISION SOCIAL,MINISTERIO DE TRABAJO Y PREVISION SOCIAL,0
204800009,MINISTERIO DE TRABAJO Y PREVISION SOCIAL,MINISTERIO DE TRABAJO Y PREVISION SOCIAL,0
303790002,MINISTERIO DE TRABAJO Y PREVISION SOCIAL,MINISTERIO DE TRABAJO Y PREVISION SOCIAL,0
312890003,MINISTERIO DE TRABAJO Y PREVISION SOCIAL,MINISTERIO DE TRABAJO Y PREVISION SOCIAL,0
514800009,MINISTERIO DE TRABAJO Y PREVISION SOCIAL,MINISTERIO DE TRABAJO Y PREVISION SOCIAL,0
602890023,MINISTERIO DE TRABAJO Y PREVISION SOCIAL,MINISTERIO DE TRABAJO Y PREVISION SOCIAL,0
606800009,MINISTERIO DE TRABAJO Y PREVISION SOCIAL,MINISTERIO DE TRABAJO Y PREVISION SOCIAL,0
701890131,MINISTERIO DE TRABAJO Y PREVISION SOCIAL,MINISTERIO DE TRABAJO Y PREVISION SOCIAL,0
807800009,MINISTERIO DE TRABAJO Y PREVISION SOCIAL,MINISTERIO DE TRABAJO Y PREVISION SOCIAL,0
006800006,MINISTERIO DE OBRAS PUBLICAS,MINISTERIO DE OBRAS PUBLICAS,0
008890007,MINISTERIO DE OBRAS PUBLICAS,MINISTERIO DE OBRAS PUBLICAS,0
103790001,MINISTERIO DE OBRAS PUBLICAS,MINISTERIO DE OBRAS PUBLICAS,0
112890007,MINISTERIO DE OBRAS PUBLICAS,MINISTERIO DE OBRAS PUBLICAS,0
207800006,MINISTERIO DE OBRAS PUBLICAS,MINISTERIO DE OBRAS PUBLICAS,0
209890007,MINISTERIO DE OBRAS PUBLICAS,MINISTERIO DE OBRAS PUBLICAS,0
211790007,MINISTERIO DE OBRAS PUBLICAS,MINISTERIO DE OBRAS PUBLICAS,0
313890007,MINISTERIO DE OBRAS PUBLICAS,MINISTERIO DE OBRAS PUBLICAS,0
401890160,MINISTERIO DE OBRAS PUBLICAS,MINISTERIO DE OBRAS PUBLICAS,0
602890028,MINISTERIO DE OBRAS PUBLICAS,MINISTERIO DE OBRAS PUBLICAS,0
604800006,MINISTERIO DE OBRAS PUBLICAS,MINISTERIO DE OBRAS PUBLICAS,0
605890008,MINISTERIO DE OBRAS PUBLICAS,MINISTERIO DE OBRAS PUBLICAS,0
810790001,MINISTERIO DE OBRAS PUBLICAS,MINISTERIO DE OBRAS PUBLICAS,0
914800006,MINISTERIO DE OBRAS PUBLICAS,MINISTERIO DE OBRAS PUBLICAS,0
801981245,UNIDAD COORD DE PROY OBRAS PUBLIC TRANS,MINISTERIO DE OBRAS PUBLICAS,0
101980205,VICEMINISTERIO DE TRANSPORTE,MINISTERIO DE OBRAS PUBLICAS,0
301970047,VICEMINISTERIO DE VIVIENDA Y DESARROLLO URBANO,MINISTERIO DE OBRAS PUBLICAS,0
601890149,SOCIEDAD DE EMPLEADOS DEL INSTITUTO DE VIVIENDA URBANA,,1
010790007,INSTITUTO DE VIVIENDA URBANA  (IVU),MINISTERIO DE OBRAS PUBLICAS,0
411790008,INSTITUTO DE VIVIENDA URBANA  (IVU),MINISTERIO DE OBRAS PUBLICAS,0
302890194,SOCIEDAD DE EMPLEADOS DEL INSTITUTO DE VIVIENDA URBANA (CENTRO RECREATIVO MAJAGUAL),,1
009890006,MINISTERIO DE JUSTICIA,MINISTERIO DE JUSTICIA Y SEGURIDAD PUBLICA,0
113890006,MINISTERIO DE JUSTICIA,MINISTERIO DE JUSTICIA Y SEGURIDAD PUBLICA,0
114800002,MINISTERIO DE JUSTICIA,MINISTERIO DE JUSTICIA Y SEGURIDAD PUBLICA,0
206800002,MINISTERIO DE JUSTICIA,MINISTERIO DE JUSTICIA Y SEGURIDAD PUBLICA,0
301890151,MINISTERIO DE JUSTICIA,MINISTERIO DE JUSTICIA Y SEGURIDAD PUBLICA,0
402890027,MINISTERIO DE JUSTICIA,MINISTERIO DE JUSTICIA Y SEGURIDAD PUBLICA,0
405890007,MINISTERIO DE JUSTICIA,MINISTERIO DE JUSTICIA Y SEGURIDAD PUBLICA,0
407800002,MINISTERIO DE JUSTICIA,MINISTERIO DE JUSTICIA Y SEGURIDAD PUBLICA,0
410790004,MINISTERIO DE JUSTICIA,MINISTERIO DE JUSTICIA Y SEGURIDAD PUBLICA,0
611790004,MINISTERIO DE JUSTICIA,MINISTERIO DE JUSTICIA Y SEGURIDAD PUBLICA,0
703790004,MINISTERIO DE JUSTICIA,MINISTERIO DE JUSTICIA Y SEGURIDAD PUBLICA,0
804800002,MINISTERIO DE JUSTICIA,MINISTERIO DE JUSTICIA Y SEGURIDAD PUBLICA,0
401070365,MINISTERIO DE SEGURIDAD PUBLICA Y JUSTICIA,MINISTERIO DE JUSTICIA Y SEGURIDAD PUBLICA,0
501000233,MINISTERIO DE SEGURIDAD PUBLICA Y JUSTICIA,MINISTERIO DE JUSTICIA Y SEGURIDAD PUBLICA,0
901950448,VICEMINISTERIO DE SEGURIDAD PUBLICA,MINISTERIO DE JUSTICIA Y SEGURIDAD PUBLICA,0
801000363,DIRECCION GENERAL DE CENTROS PENALES Y READAPTACION,MINISTERIO DE JUSTICIA Y SEGURIDAD PUBLICA,0
008960033,POLICIA NACIONAL CIVIL,MINISTERIO DE JUSTICIA Y SEGURIDAD PUBLICA,0
102960401,POLICIA NACIONAL CIVIL,MINISTERIO DE JUSTICIA Y SEGURIDAD PUBLICA,0
212940004,POLICIA NACIONAL CIVIL,MINISTERIO DE JUSTICIA Y SEGURIDAD PUBLICA,0
213940003,POLICIA NACIONAL CIVIL,MINISTERIO DE JUSTICIA Y SEGURIDAD PUBLICA,0
214940002,POLICIA NACIONAL CIVIL,MINISTERIO DE JUSTICIA Y SEGURIDAD PUBLICA,0
306940002,POLICIA NACIONAL CIVIL,MINISTERIO DE JUSTICIA Y SEGURIDAD PUBLICA,0
410940007,POLICIA NACIONAL CIVIL,MINISTERIO DE JUSTICIA Y SEGURIDAD PUBLICA,0
411940006,POLICIA NACIONAL CIVIL,MINISTERIO DE JUSTICIA Y SEGURIDAD PUBLICA,0
501930322,POLICIA NACIONAL CIVIL,MINISTERIO DE JUSTICIA Y SEGURIDAD PUBLICA,0
507940002,POLICIA NACIONAL CIVIL,MINISTERIO DE JUSTICIA Y SEGURIDAD PUBLICA,0
704940001,POLICIA NACIONAL CIVIL,MINISTERIO DE JUSTICIA Y SEGURIDAD PUBLICA,0
705960043,POLICIA NACIONAL CIVIL,MINISTERIO DE JUSTICIA Y SEGURIDAD PUBLICA,0
903940008,POLICIA NACIONAL CIVIL,MINISTERIO DE JUSTICIA Y SEGURIDAD PUBLICA,0
909940002,POLICIA NACIONAL CIVIL,MINISTERIO DE JUSTICIA Y SEGURIDAD PUBLICA,0
301890232,COMISION DE INVESTIGACION DE HECHOS DELICTIVOS (ABSORVIDA POR PNC),MINISTERIO DE JUSTICIA Y SEGURIDAD PUBLICA,0
501990287,"UNIDAD TECNICA EJECUTIVA DEL SECTOR JUSTICIA ""UTE""  (PROYECTO GOES/AID)","UNIDAD TECNICA EJECUTIVA DEL SECTOR JUSTICIA ""UTE""  (PROYECTO GOES/AID)",0
701930688,UNIDAD TECNICA EJECUTIVA PROYECTO REFORMA JUDICIAL II (UTE),"UNIDAD TECNICA EJECUTIVA DEL SECTOR JUSTICIA ""UTE""  (PROYECTO GOES/AID)",0
902150180,ACADEMIA INTERNACIONAL PARA EL CUMPLIMIENTO DE LEY,MINISTERIO DE JUSTICIA Y SEGURIDAD PUBLICA,0
105890014,MINISTERIO DE EDUCACION,MINISTERIO DE EDUCACION,0
204800004,MINISTERIO DE EDUCACION,MINISTERIO DE EDUCACION,0
210790003,MINISTERIO DE EDUCACION,MINISTERIO DE EDUCACION,0
308890012,MINISTERIO DE EDUCACION,MINISTERIO DE EDUCACION,0
501890191,MINISTERIO DE EDUCACION,MINISTERIO DE EDUCACION,0
503790003,MINISTERIO DE EDUCACION,MINISTERIO DE EDUCACION,0
514800004,MINISTERIO DE EDUCACION,MINISTERIO DE EDUCACION,0
606800004,MINISTERIO DE EDUCACION,MINISTERIO DE EDUCACION,0
613890012,MINISTERIO DE EDUCACION,MINISTERIO DE EDUCACION,0
807800004,MINISTERIO DE EDUCACION,MINISTERIO DE EDUCACION,0
811790005,MINISTERIO DE EDUCACION,MINISTERIO DE EDUCACION,0
812890014,MINISTERIO DE EDUCACION,MINISTERIO DE EDUCACION,0
902890038,MINISTERIO DE EDUCACION,MINISTERIO DE EDUCACION,0
909890014,MINISTERIO DE EDUCACION,MINISTERIO DE EDUCACION,0
501020075,MINISTERIO DE GOBERNACION,MINISTERIO DE GOBERNACION,0
301890178,MINISTERIO DEL INTERIOR   (paso a ser GOBERNACION),MINISTERIO DE GOBERNACION,0
302890035,MINISTERIO DEL INTERIOR   (paso a ser GOBERNACION),MINISTERIO DE GOBERNACION,0
603790012,MINISTERIO DEL INTERIOR   (paso a ser GOBERNACION),MINISTERIO DE GOBERNACION,0
604800001,MINISTERIO DEL INTERIOR   (paso a ser GOBERNACION),MINISTERIO DE GOBERNACION,0
705890012,MINISTERIO DEL INTERIOR   (paso a ser GOBERNACION),MINISTERIO DE GOBERNACION,0
006800001,MINISTERIO DEL INTERIOR   (paso a ser GOBERNACION),MINISTERIO DE GOBERNACION,0
207800001,MINISTERIO DEL INTERIOR   (paso a ser GOBERNACION),MINISTERIO DE GOBERNACION,0
908890010,MINISTERIO DEL INTERIOR   (paso a ser GOBERNACION),MINISTERIO DE GOBERNACION,0
309890011,MINISTERIO DEL INTERIOR   (paso a ser GOBERNACION),MINISTERIO DE GOBERNACION,0
110790011,MINISTERIO DEL INTERIOR   (paso a ser GOBERNACION),MINISTERIO DE GOBERNACION,0
911790014,MINISTERIO DEL INTERIOR   (paso a ser GOBERNACION),MINISTERIO DE GOBERNACION,0
412890012,MINISTERIO DEL INTERIOR   (paso a ser GOBERNACION),MINISTERIO DE GOBERNACION,0
213890010,MINISTERIO DEL INTERIOR   (paso a ser GOBERNACION),MINISTERIO DE GOBERNACION,0
914800001,MINISTERIO DEL INTERIOR   (paso a ser GOBERNACION),MINISTERIO DE GOBERNACION,0
101690027,CIRCUITO DE TEATROS NACIONALES DE EL SALVADOR,MINISTERIO DE GOBERNACION,0
102690242,CIRCUITO DE TEATROS NACIONALES DE EL SALVADOR,MINISTERIO DE GOBERNACION,0
103690057,CIRCUITO DE TEATROS NACIONALES DE EL SALVADOR,MINISTERIO DE GOBERNACION,0
104680373,CIRCUITO DE TEATROS NACIONALES DE EL SALVADOR,MINISTERIO DE GOBERNACION,0
105690025,CIRCUITO DE TEATROS NACIONALES DE EL SALVADOR,MINISTERIO DE GOBERNACION,0
106690003,CIRCUITO DE TEATROS NACIONALES DE EL SALVADOR,MINISTERIO DE GOBERNACION,0
107680001,CIRCUITO DE TEATROS NACIONALES DE EL SALVADOR,MINISTERIO DE GOBERNACION,0
108680148,CIRCUITO DE TEATROS NACIONALES DE EL SALVADOR,MINISTERIO DE GOBERNACION,0
109680112,CIRCUITO DE TEATROS NACIONALES DE EL SALVADOR,MINISTERIO DE GOBERNACION,0
110690211,CIRCUITO DE TEATROS NACIONALES DE EL SALVADOR,MINISTERIO DE GOBERNACION,0
111690092,CIRCUITO DE TEATROS NACIONALES DE EL SALVADOR,MINISTERIO DE GOBERNACION,0
112680041,CIRCUITO DE TEATROS NACIONALES DE EL SALVADOR,MINISTERIO DE GOBERNACION,0
113680020,CIRCUITO DE TEATROS NACIONALES DE EL SALVADOR,MINISTERIO DE GOBERNACION,0
114690066,CIRCUITO DE TEATROS NACIONALES DE EL SALVADOR,MINISTERIO DE GOBERNACION,0
003950070,CUERPO DE BOMBEROS DE EL SALVADOR,MINISTERIO DE GOBERNACION,0
211950127,CUERPO DE BOMBEROS DE EL SALVADOR,MINISTERIO DE GOBERNACION,0
401950812,CUERPO DE BOMBEROS DE EL SALVADOR,MINISTERIO DE GOBERNACION,0
502950180,CUERPO DE BOMBEROS DE EL SALVADOR,MINISTERIO DE GOBERNACION,0
504960043,CUERPO DE BOMBEROS DE EL SALVADOR,MINISTERIO DE GOBERNACION,0
508950025,CUERPO DE BOMBEROS DE EL SALVADOR,MINISTERIO DE GOBERNACION,0
606950117,CUERPO DE BOMBEROS DE EL SALVADOR,MINISTERIO DE GOBERNACION,0
610950022,CUERPO DE BOMBEROS DE EL SALVADOR,MINISTERIO DE GOBERNACION,0
905950042,CUERPO DE BOMBEROS DE EL SALVADOR,MINISTERIO DE GOBERNACION,0
001971200,FONDO DE ACTVIDADES ESPC POR LA VENTA DE SERV PUBLIC DE RADIO NAC DE EL SALV,MINISTERIO DE EDUCACION,0
501890152,COMISION NACIONAL DE ASISTENCIA A LA POBLACION DESPLAZADA  (CONADES),COMISION NACIONAL DE ASISTENCIA A LA POBLACION DESPLAZADA  (CONADES),0
306890019,COMISION NACIONAL DE ASISTENCIA A LA POBLACION DESPLAZADA  (CONADES),COMISION NACIONAL DE ASISTENCIA A LA POBLACION DESPLAZADA  (CONADES),0
309890016,COMISION NACIONAL DE ASISTENCIA A LA POBLACION DESPLAZADA  (CONADES),COMISION NACIONAL DE ASISTENCIA A LA POBLACION DESPLAZADA  (CONADES),0
401820183,PATRONATO DEL CUERPO DE BOMBEROS DE EL SALVADOR,,1
203790015,MINISTERIO DE ECONOMIA,MINISTERIO DE ECONOMIA,0
301890139,MINISTERIO DE ECONOMIA,MINISTERIO DE ECONOMIA,0
604800045,MINISTERIO DE ECONOMIA,MINISTERIO DE ECONOMIA,0
606800021,MINISTERIO DE ECONOMIA,MINISTERIO DE ECONOMIA,0
611790021,MINISTERIO DE ECONOMIA,MINISTERIO DE ECONOMIA,0
801940437,DIRECCION GENERAL DE PROTECCION AL CONSUMIDOR,DIRECCION GENERAL DE PROTECCION AL CONSUMIDOR,0
301890112,MINISTERIO DE COMERCIO EXTERIOR  (ABSORVIDO POR MIN ECONOMIA),MINISTERIO DE ECONOMIA,0
601890144,MINISTERIO DE SALUD PUBLICA Y ASISTENCIA,MINISTERIO DE SALUD,0
202890026,MINISTERIO DE SALUD PUBLICA Y ASISTENCIA,MINISTERIO DE SALUD,0
203790010,MINISTERIO DE SALUD PUBLICA Y ASISTENCIA,MINISTERIO DE SALUD,0
404800005,MINISTERIO DE SALUD PUBLICA Y ASISTENCIA,MINISTERIO DE SALUD,0
205890006,MINISTERIO DE SALUD PUBLICA Y ASISTENCIA,MINISTERIO DE SALUD,0
806800005,MINISTERIO DE SALUD PUBLICA Y ASISTENCIA,MINISTERIO DE SALUD,0
007800005,MINISTERIO DE SALUD PUBLICA Y ASISTENCIA,MINISTERIO DE SALUD,0
808890006,MINISTERIO DE SALUD PUBLICA Y ASISTENCIA,MINISTERIO DE SALUD,0
609890004,MINISTERIO DE SALUD PUBLICA Y ASISTENCIA,MINISTERIO DE SALUD,0
910790010,MINISTERIO DE SALUD PUBLICA Y ASISTENCIA,MINISTERIO DE SALUD,0
711790013,MINISTERIO DE SALUD PUBLICA Y ASISTENCIA,MINISTERIO DE SALUD,0
512890004,MINISTERIO DE SALUD PUBLICA Y ASISTENCIA,MINISTERIO DE SALUD,0
713890004,MINISTERIO DE SALUD PUBLICA Y ASISTENCIA,MINISTERIO DE SALUD,0
714800005,MINISTERIO DE SALUD PUBLICA Y ASISTENCIA,MINISTERIO DE SALUD,0
302070056,DIRECCION REGIONAL DE SALUD CENTRAL,MINISTERIO DE SALUD,0
201070146,DIRECCION REGIONAL DE SALUD METROPOLITANA,MINISTERIO DE SALUD,0
111070002,DIRECCION REGIONAL DE SALUD OCCIDENTAL,MINISTERIO DE SALUD,0
706070032,DIRECCION REGIONAL DE SALUD ORIENTAL,MINISTERIO DE SALUD,0
609070003,DIRECCION REGIONAL DE SALUD PARACENTRAL,MINISTERIO DE SALUD,0
401111127,COMISIàN NACIONAL CONTRA EL SIDA (CONASIDA),MINISTERIO DE SALUD,0
211060053,HOSPITAL NACIONAL DE CHALCHUAPA,MINISTERIO DE SALUD,0
613030035,HOSPITAL NACIONAL DE ILOBASCO,MINISTERIO DE SALUD,0
604050087,HOSPITAL NACIONAL DE JIQUILISCO,MINISTERIO DE SALUD,0
314040021,HOSPITAL NACIONAL DE LA UNION,MINISTERIO DE SALUD,0
701030154,HOSPITAL NACIONAL DE MATERNIDAD DR RAUL ARGUELLO ESCOLAN,MINISTERIO DE SALUD,0
711060086,HOSPITAL NACIONAL DE METAPAN,MINISTERIO DE SALUD,0
601061196,HOSPITAL NACIONAL DE NI¥OS BENJAMIN BLOOM,MINISTERIO DE SALUD,0
512030022,HOSPITAL NACIONAL DE NUEVA CONCEPCION,MINISTERIO DE SALUD,0
606040120,HOSPITAL NACIONAL DE NUEVA GUADALUPE,MINISTERIO DE SALUD,0
107040010,HOSPITAL NACIONAL DR HECTOR ANTONIO    HERNANDEZ FLORES SAN FRANCISCO GOTERA,MINISTERIO DE SALUD,0
703030010,"HOSPITAL NACIONAL DR JORGE MAZZINI VILLACORTA, SONSONATE",MINISTERIO DE SALUD,0
401060282,HOSPITAL NACIONAL DR JOSE ANTONIO ZALDANA NEUMOLOGIA Y MEDICINA FAMILIAR,MINISTERIO DE SALUD,0
701051588,HOSPITAL NACIONAL DR JUAN JOSE FERNANDEZ ZACAMIL,MINISTERIO DE SALUD,0
810060013,HOSPITAL NACIONAL FRANCISCO MENENDEZ,MINISTERIO DE SALUD,0
912030024,HOSPITAL NACIONAL LUIS EDMUNDO VASQUEZ,MINISTERIO DE SALUD,0
306040132,HOSPITAL NACIONAL MONSE¥OR OSCAR ARNULFO ROMERO Y GALDAMEZ CIUDAD BARRIOS,MINISTERIO DE SALUD,0
808030029,HOSPITAL NACIONAL NUESTRA SENORA DE FATIMA,MINISTERIO DE SALUD,0
501030136,HOSPITAL NACIONAL PSIQUIATRICO DR JOSE  MOLINA MARTINEZ,MINISTERIO DE SALUD,0
901030317,HOSPITAL NACIONAL ROSALES,MINISTERIO DE SALUD,0
101060314,HOSPITAL NACIONAL SAN BARTOLO ENFERMERA ANGELICA VIDAL DE NAJARRO,MINISTERIO DE SALUD,0
506060090,HOSPITAL NACIONAL SAN JUAN DE DIOS      DE SAN MIGUEL,MINISTERIO DE SALUD,0
804060024,HOSPITAL NACIONAL SAN PEDRO USULUTAN,MINISTERIO DE SALUD,0
702050358,HOSPITAL NACIONAL SAN RAFAEL,MINISTERIO DE SALUD,0
209050029,HOSPITAL NACIONAL SANTA GERTRUDIS SAN VICENTE,MINISTERIO DE SALUD,0
014040016,HOSPITAL NACIONAL SANTA ROSA DE LIMA,MINISTERIO DE SALUD,0
805050048,HOSPITAL NACIONAL SANTA TERESA,MINISTERIO DE SALUD,0
204030008,HOSPITAL NACIONAL SANTIAGO DE MARIA,MINISTERIO DE SALUD,0
713060028,HOSPITAL NACIONAL SENSUNTEPEQUE,MINISTERIO DE SALUD,0
508030031,HOSPITAL NACIONAL SUCHITOTO,MINISTERIO DE SALUD,0
110140039,HOSPITAL NACIONAL FRANCISCO MENENDEZ,MINISTERIO DE SALUD,0
311140159,HOSPITAL NACIONAL DE CHALCHUAPA (ACTIVO A LA FECHA),MINISTERIO DE SALUD,0
011140166,HOSPITAL NACIONAL DE SANTA ANA (ACTIVO A LA FECHA),MINISTERIO DE SALUD,0
501020237,UNIDAD COORDINADORA DE PROGRAMA PROYECTO MODERNIZACION MINISTERIO SALUD,MINISTERIO DE SALUD,0
706970169,UNIDAD EJECUTORA DE PROYECTO DEL PROGRAMA SALUD BASICA RURAL SAN MIGUEL,MINISTERIO DE SALUD,0
004800003,MINISTERIO DE HACIENDA,MINISTERIO DE HACIENDA,0
011790001,MINISTERIO DE HACIENDA,MINISTERIO DE HACIENDA,0
103790006,MINISTERIO DE HACIENDA,MINISTERIO DE HACIENDA,0
305890010,MINISTERIO DE HACIENDA,MINISTERIO DE HACIENDA,0
314800003,MINISTERIO DE HACIENDA,MINISTERIO DE HACIENDA,0
401890165,MINISTERIO DE HACIENDA,MINISTERIO DE HACIENDA,0
406800003,MINISTERIO DE HACIENDA,MINISTERIO DE HACIENDA,0
408890009,MINISTERIO DE HACIENDA,MINISTERIO DE HACIENDA,0
512890009,MINISTERIO DE HACIENDA,MINISTERIO DE HACIENDA,0
607800003,MINISTERIO DE HACIENDA,MINISTERIO DE HACIENDA,0
702890032,MINISTERIO DE HACIENDA,MINISTERIO DE HACIENDA,0
709890013,MINISTERIO DE HACIENDA,MINISTERIO DE HACIENDA,0
713890009,MINISTERIO DE HACIENDA,MINISTERIO DE HACIENDA,0
810790006,MINISTERIO DE HACIENDA,MINISTERIO DE HACIENDA,0
106800010,MINISTERIO DE AGRICULTURA,MINISTERIO DE AGRICULTURA Y GANADERIA,0
112890002,MINISTERIO DE AGRICULTURA Y GANADERIA,MINISTERIO DE AGRICULTURA Y GANADERIA,0
311790011,MINISTERIO DE AGRICULTURA Y GANADERIA,MINISTERIO DE AGRICULTURA Y GANADERIA,0
402890022,MINISTERIO DE AGRICULTURA Y GANADERIA,MINISTERIO DE AGRICULTURA Y GANADERIA,0
407810004,MINISTERIO DE AGRICULTURA Y GANADERIA,MINISTERIO DE AGRICULTURA Y GANADERIA,0
408890004,MINISTERIO DE AGRICULTURA Y GANADERIA,MINISTERIO DE AGRICULTURA Y GANADERIA,0
409890003,MINISTERIO DE AGRICULTURA Y GANADERIA,MINISTERIO DE AGRICULTURA Y GANADERIA,0
410790009,MINISTERIO DE AGRICULTURA Y GANADERIA,MINISTERIO DE AGRICULTURA Y GANADERIA,0
501890130,MINISTERIO DE AGRICULTURA Y GANADERIA,MINISTERIO DE AGRICULTURA Y GANADERIA,0
513890003,MINISTERIO DE AGRICULTURA Y GANADERIA,MINISTERIO DE AGRICULTURA Y GANADERIA,0
514810001,MINISTERIO DE AGRICULTURA Y GANADERIA,MINISTERIO DE AGRICULTURA Y GANADERIA,0
605890003,MINISTERIO DE AGRICULTURA Y GANADERIA,MINISTERIO DE AGRICULTURA Y GANADERIA,0
703790009,MINISTERIO DE AGRICULTURA Y GANADERIA,MINISTERIO DE AGRICULTURA Y GANADERIA,0
704800010,MINISTERIO DE AGRICULTURA Y GANADERIA,MINISTERIO DE AGRICULTURA Y GANADERIA,0
002060103,CONVENIO DE COOPERACION TECNICO-AGRICOLA MISION TCNICA TAIWAN,MINISTERIO DE AGRICULTURA Y GANADERIA,0
903060039,CONVENIO DE COOPERACION TECNICO-AGRICOLA   (ENTRE EL SALVADOR Y REPUBLICA CHINA),MINISTERIO DE AGRICULTURA Y GANADERIA,0
602020228,OFICINA COORDINADORA DE PROYECTOS,MINISTERIO DE AGRICULTURA Y GANADERIA,0
501890233,PLANIFICACION Y EVALUACION DE LA REFORMA AGRARIA   (MAG)},MINISTERIO DE AGRICULTURA Y GANADERIA,0
901971193,MINISTERIO DE MEDIO AMBIENTE Y RECURSOS NATURALES,MINISTERIO DE MEDIOAMBIENTE Y RECURSOS NATURALES,0
601020224,SERVICIO NACIONAL DE ESTUDIOS TERRITORIALES,MINISTERIO DE MEDIOAMBIENTE Y RECURSOS NATURALES,0
301051606,FONDO DE ACTIVIDADES ESPECIALES DEL MARN  (MEDIOAMBIENTE Y RECURSOS NATURALES),MINISTERIO DE MEDIOAMBIENTE Y RECURSOS NATURALES,0
902040391,MINISTERIO DE TURISMO,MINISTERIO DE TURISMO,0
901890137,ASAMBLEA LEGISLATIVA,ASAMBLEA LEGISLATIVA,0
501890113,PRESIDENCIA DE LA REPUBLICA,CASA PRESIDENCIAL Y SECRETARIAS,0
001051510,CONSEJO NACIONAL PARA LA CULTURA Y EL ARTE (CONCULTURA) PASà A SER SECRETARIA DE CULTURA),MINISTERIO DE EDUCACION,0
801100057,SECRETARIA DE CULTURA DE LA PRESIDENCIA DE LA REPUBLICA,CASA PRESIDENCIAL Y SECRETARIAS,0
301150600,SECRETARIA TCNICA Y DE PLANIFICACIàN DE LA PRESIDENCIA,CASA PRESIDENCIAL Y SECRETARIAS,0
503830099,MINISTERIO DE PLANIFICACIàN COORD DESARR ECON SOCIAL,MINISTERIO DE PLANIFICACIÓN,0
813890013,MINISTERIO PLANIF COORD DESARR ECON Y SO,MINISTERIO DE PLANIFICACIÓN,0
201890147,MINISTERIO PLANIF COORD DESARR ECONOM SO,MINISTERIO DE PLANIFICACIÓN,0
711890028,MINISTERIO PLANIF COORD DESARR ECONOM SO,MINISTERIO DE PLANIFICACIÓN,0
404860046,MINISTERIO PLANIF COORD DESARROLLO ECON,MINISTERIO DE PLANIFICACIÓN,0
814800019,MINISTERIO PLANIFIC COORD DESAR ECON Y S,MINISTERIO DE PLANIFICACIÓN,0
412890017,MINISTERIO PLANIFIC COORD DESAR ECONOM S,MINISTERIO DE PLANIFICACIÓN,0
10890012,MINISTERIO PLANIFIC COORD DESARR ECONO S,MINISTERIO DE PLANIFICACIÓN,0
708890014,MINISTERIO PLANIFIC COORDIN DESAR ECON S,MINISTERIO DE PLANIFICACIÓN,0
402890049,MINISTERIO PLANIFICACION COORD DESARROLLO ECONOMICO,MINISTERIO DE PLANIFICACIÓN,0
905890018,MINISTERIO PLANIFICACION COORD DESARROLLO ECONOMICO,MINISTERIO DE PLANIFICACIÓN,0
806860068,MINISTERIO PLANIFICACION COORD DESARROLLO ECONOMICO,MINISTERIO DE PLANIFICACIÓN,0
207860003,MINISTERIO PLANIFICACION COORD DESARROLLO ECONOMICO,MINISTERIO DE PLANIFICACIÓN,0
609890021,MINISTERIO PLANIFICACION COORD DESARROLLO ECONOMICO,MINISTERIO DE PLANIFICACIÓN,0
701970228,SECRETARIA EJECUTIVA DEL MEDIO AMBIENTE,MINISTERIO DE PLANIFICACIÓN,0
501921370,COMITE ORGANIZADOR DE LOS V JUEGOS DEPORTIVOS,MINISTERIO DE PLANIFICACIÓN,0
004870002,MINISTERIO DE CULTURA Y COMUNICACIONES  (PASO A SER SECRETARIA DE COMUNICACIONES; PERO NO ESTµ INSCRITA AL ISS,MINISTERIO DE CULTURA Y COMUNICACIONES ,0
006870005,MINISTERIO DE CULTURA Y COMUNICACIONES  (PASO A SER SECRETARIA DE COMUNICACIONES; PERO NO ESTµ INSCRITA AL ISS,MINISTERIO DE CULTURA Y COMUNICACIONES ,0
111870004,MINISTERIO DE CULTURA Y COMUNICACIONES  (PASO A SER SECRETARIA DE COMUNICACIONES; PERO NO ESTµ INSCRITA AL ISS,MINISTERIO DE CULTURA Y COMUNICACIONES ,0
114870001,MINISTERIO DE CULTURA Y COMUNICACIONES  (PASO A SER SECRETARIA DE COMUNICACIONES; PERO NO ESTµ INSCRITA AL ISS,MINISTERIO DE CULTURA Y COMUNICACIONES ,0
203870009,MINISTERIO DE CULTURA Y COMUNICACIONES  (PASO A SER SECRETARIA DE COMUNICACIONES; PERO NO ESTµ INSCRITA AL ISS,MINISTERIO DE CULTURA Y COMUNICACIONES ,0
208890008,MINISTERIO DE CULTURA Y COMUNICACIONES  (PASO A SER SECRETARIA DE COMUNICACIONES; PERO NO ESTµ INSCRITA AL ISS,MINISTERIO DE CULTURA Y COMUNICACIONES ,0
302890030,MINISTERIO DE CULTURA Y COMUNICACIONES  (PASO A SER SECRETARIA DE COMUNICACIONES; PERO NO ESTµ INSCRITA AL ISS,MINISTERIO DE CULTURA Y COMUNICACIONES ,0
312890008,MINISTERIO DE CULTURA Y COMUNICACIONES  (PASO A SER SECRETARIA DE COMUNICACIONES; PERO NO ESTµ INSCRITA AL ISS,MINISTERIO DE CULTURA Y COMUNICACIONES ,0
409890008,MINISTERIO DE CULTURA Y COMUNICACIONES  (PASO A SER SECRETARIA DE COMUNICACIONES; PERO NO ESTµ INSCRITA AL ISS,MINISTERIO DE CULTURA Y COMUNICACIONES ,0
510870002,MINISTERIO DE CULTURA Y COMUNICACIONES  (PASO A SER SECRETARIA DE COMUNICACIONES; PERO NO ESTµ INSCRITA AL ISS,MINISTERIO DE CULTURA Y COMUNICACIONES ,0
513890008,MINISTERIO DE CULTURA Y COMUNICACIONES  (PASO A SER SECRETARIA DE COMUNICACIONES; PERO NO ESTµ INSCRITA AL ISS,MINISTERIO DE CULTURA Y COMUNICACIONES ,0
801890162,MINISTERIO DE CULTURA Y COMUNICACIONES  (PASO A SER SECRETARIA DE COMUNICACIONES; PERO NO ESTµ INSCRITA AL ISS,MINISTERIO DE CULTURA Y COMUNICACIONES ,0
805890009,MINISTERIO DE CULTURA Y COMUNICACIONES  (PASO A SER SECRETARIA DE COMUNICACIONES; PERO NO ESTµ INSCRITA AL ISS,MINISTERIO DE CULTURA Y COMUNICACIONES ,0
002890020,ORGANO JUDICIAL,ORGANO JUDICIAL,0
003790014,ORGANO JUDICIAL,ORGANO JUDICIAL,0
114800007,ORGANO JUDICIAL,ORGANO JUDICIAL,0
206800007,ORGANO JUDICIAL,ORGANO JUDICIAL,0
208890003,ORGANO JUDICIAL,ORGANO JUDICIAL,0
209890002,ORGANO JUDICIAL,ORGANO JUDICIAL,0
313890002,ORGANO JUDICIAL,ORGANO JUDICIAL,0
401890121,ORGANO JUDICIAL,ORGANO JUDICIAL,0
405890002,ORGANO JUDICIAL,ORGANO JUDICIAL,0
407800007,ORGANO JUDICIAL,ORGANO JUDICIAL,0
411790020,ORGANO JUDICIAL,ORGANO JUDICIAL,0
510790013,ORGANO JUDICIAL,ORGANO JUDICIAL,0
804800007,ORGANO JUDICIAL,ORGANO JUDICIAL,0
912890001,ORGANO JUDICIAL,ORGANO JUDICIAL,0
102890034,CORTE DE CUENTAS DE LA REPUBLICA,CORTE DE CUENTAS DE LA REPUBLICA,0
109890010,CORTE DE CUENTAS DE LA REPUBLICA,CORTE DE CUENTAS DE LA REPUBLICA,0
503790020,CORTE DE CUENTAS DE LA REPUBLICA,CORTE DE CUENTAS DE LA REPUBLICA,0
506800012,CORTE DE CUENTAS DE LA REPUBLICA,CORTE DE CUENTAS DE LA REPUBLICA,0
510790018,CORTE DE CUENTAS DE LA REPUBLICA,CORTE DE CUENTAS DE LA REPUBLICA,0
901890171,CORTE DE CUENTAS DE LA REPUBLICA,CORTE DE CUENTAS DE LA REPUBLICA,0
106890018,CONSEJO CENTRAL DE ELECCIONES,CONSEJO CENTRAL DE ELECCIONES,0
204890007,CONSEJO CENTRAL DE ELECCIONES,CONSEJO CENTRAL DE ELECCIONES,0
501991254,CONSEJO NACIONAL DE LA JUDICATURA,CONSEJO NACIONAL DE LA JUDICATURA,0
201890142,FISCALIA GENERAL DE LA REPUBLICA,FISCALIA GENERAL DE LA REPUBLICA,0
011960003,FISCALIA REGIONAL DE OCCIDENTE,FISCALIA GENERAL DE LA REPUBLICA,0
307800010,MINISTERIO PUBLICO (FISCALIA GRAL REPUBLICA),FISCALIA GENERAL DE LA REPUBLICA,0
903790005,MINISTERIO PUBLICO FISCALIA GRAL,FISCALIA GENERAL DE LA REPUBLICA,0
610790005,MINISTERIO PUBLICO FISCALIA GRAL,FISCALIA GENERAL DE LA REPUBLICA,0
704800015,MINISTERIO PUBLICO FISCALIA GRAL DE LA REPUBLICA,FISCALIA GENERAL DE LA REPUBLICA,0
706800018,MINISTERIO PUBLICO FISCALIA GRAL DE LA REPUBLICA,FISCALIA GENERAL DE LA REPUBLICA,0
406800008,MINISTERIO PUBLICO PROCURADURIA GENERAL,PROCURADURIA GENERAL DE LA REPUBLICA,0
005890005,MINISTERIO PUBLICO PROCURADURIA GENERAL DE LA REPUBLICA,PROCURADURIA GENERAL DE LA REPUBLICA,0
608890005,MINISTERIO PUBLICO PROCURADURIA GENERAL DE LA REPUBLICA,PROCURADURIA GENERAL DE LA REPUBLICA,0
809890005,MINISTERIO PUBLICO PROCURADURIA GRAL DE,PROCURADURIA GENERAL DE LA REPUBLICA,0
111790010,MINISTERIO PUBLICO RPCURADURIA GENERAL DE LA REPUBLICA,PROCURADURIA GENERAL DE LA REPUBLICA,0
210790008,MINISTERIO PUBLICO RPCURADURIA GENERAL DE LA REPUBLICA,PROCURADURIA GENERAL DE LA REPUBLICA,0
303790007,MINISTERIO PUBLICO RPCURADURIA GENERAL DE LA REPUBLICA,PROCURADURIA GENERAL DE LA REPUBLICA,0
314800008,MINISTERIO PUBLICO RPCURADURIA GENERAL DE LA REPUBLICA,PROCURADURIA GENERAL DE LA REPUBLICA,0
401890143,MINISTERIO PUBLICO RPCURADURIA GENERAL DE LA REPUBLICA,PROCURADURIA GENERAL DE LA REPUBLICA,0
602950395,MINISTERIO PUBLICO RPCURADURIA GENERAL DE LA REPUBLICA,PROCURADURIA GENERAL DE LA REPUBLICA,0
607800008,MINISTERIO PUBLICO RPCURADURIA GENERAL DE LA REPUBLICA,PROCURADURIA GENERAL DE LA REPUBLICA,0
712890005,MINISTERIO PUBLICO RPCURADURIA GENERAL DE LA REPUBLICA,PROCURADURIA GENERAL DE LA REPUBLICA,0
913890005,MINISTERIO PUBLICO RPCURADURIA GENERAL DE LA REPUBLICA,PROCURADURIA GENERAL DE LA REPUBLICA,0
004800008,PROCURADURIA AUXILIAR DE USULUTAN,PROCURADURIA GENERAL DE LA REPUBLICA,0
814940103,PROCURADURIA DEFENSA DERECHOS HUMANOS,PROCURADURIA DEFENSA DERECHOS HUMANOS,0
401921121,PROCURADURIA PARA DEFENSA DERECHOS HUMANOS,PROCURADURIA DEFENSA DERECHOS HUMANOS,0
305940064,PROCURADURIA PARA LA DEFENSA DE LOS DERECHOS HUMANOS,PROCURADURIA DEFENSA DERECHOS HUMANOS,0
406930318,PROCURADURIA PARA LA DEFENSA DE LOS DERECHOS HUMANOS,PROCURADURIA DEFENSA DERECHOS HUMANOS,0
413950006,PROCURADURIA PARA LA DEFENSA DE LOS DERECHOS HUMANOS,PROCURADURIA DEFENSA DERECHOS HUMANOS,0
507940024,PROCURADURIA PARA LA DEFENSA DE LOS DERECHOS HUMANOS,PROCURADURIA DEFENSA DERECHOS HUMANOS,0
508950020,PROCURADURIA PARA LA DEFENSA DE LOS DERECHOS HUMANOS,PROCURADURIA DEFENSA DERECHOS HUMANOS,0
510950018,PROCURADURIA PARA LA DEFENSA DE LOS DERECHOS HUMANOS,PROCURADURIA DEFENSA DERECHOS HUMANOS,0
604950011,PROCURADURIA PARA LA DEFENSA DE LOS DERECHOS HUMANOS,PROCURADURIA DEFENSA DERECHOS HUMANOS,0
709930021,PROCURADURIA PARA LA DEFENSA DE LOS DERECHOS HUMANOS,PROCURADURIA DEFENSA DERECHOS HUMANOS,0
711930151,PROCURADURIA PARA LA DEFENSA DE LOS DERECHOS HUMANOS,PROCURADURIA DEFENSA DERECHOS HUMANOS,0
903950088,PROCURADURIA PARA LA DEFENSA DE LOS DERECHOS HUMANOS,PROCURADURIA DEFENSA DERECHOS HUMANOS,0
801061712,TRIBUNAL DE ETICA GUBERNAMENTAL,TRIBUNAL DE ETICA GUBERNAMENTAL,0
801890145,TRIBUNAL DE SERVICIO CIVIL,TRIBUNAL DE SERVICIO CIVIL,0
101981076,TRIBUNAL SUPREMO ELECTORAL,TRIBUNAL SUPREMO ELECTORAL,0
108890011,TRIBUNAL SUPREMO ELECTORAL,TRIBUNAL SUPREMO ELECTORAL,0
110890009,TRIBUNAL SUPREMO ELECTORAL,TRIBUNAL SUPREMO ELECTORAL,0
401890187,TRIBUNAL SUPREMO ELECTORAL,TRIBUNAL SUPREMO ELECTORAL,0
413890011,TRIBUNAL SUPREMO ELECTORAL,TRIBUNAL SUPREMO ELECTORAL,0
502890036,TRIBUNAL SUPREMO ELECTORAL,TRIBUNAL SUPREMO ELECTORAL,0
509890012,TRIBUNAL SUPREMO ELECTORAL,TRIBUNAL SUPREMO ELECTORAL,0
607890001,TRIBUNAL SUPREMO ELECTORAL,TRIBUNAL SUPREMO ELECTORAL,0
612890013,TRIBUNAL SUPREMO ELECTORAL,TRIBUNAL SUPREMO ELECTORAL,0
703890019,TRIBUNAL SUPREMO ELECTORAL,TRIBUNAL SUPREMO ELECTORAL,0
811890015,TRIBUNAL SUPREMO ELECTORAL,TRIBUNAL SUPREMO ELECTORAL,0
905890013,TRIBUNAL SUPREMO ELECTORAL,TRIBUNAL SUPREMO ELECTORAL,0
914890009,TRIBUNAL SUPREMO ELECTORAL,TRIBUNAL SUPREMO ELECTORAL,0
201890206,COMISION REVISADORA DE LA LEGISLACION SALVADORENA (CORELESAL),COMISION REVISADORA DE LA LEGISLACION SALVADORENA (CORELESAL),0
504930106,PROGRAMA CEE-GOES ALA 92/18,ORGANO JUDICIAL,0
601910614,PROYECTO APOYO TECNICO PARA REFORMA JUDICIAL,ORGANO JUDICIAL,0
101960005,GTZ PROGRAMA DE INTEGRACION Y FOMENTO DE EMPLEO,,1
001080963,FONDO DE ACTIVIDADES ESPECIALES DE INDUSTRIAS MILITARES DE LA FUERZA ARMADA,MINISTERIO DE LA DEFENSA NACIONAL,0
001890205,COMISION DE DERECHOS HUMANOS DE EL SALVADOR,COMISION DE DERECHOS HUMANOS DE EL SALVADOR,0
106850010,COMISION DE DERECHOS HUMANOS DE EL SALVADOR,COMISION DE DERECHOS HUMANOS DE EL SALVADOR,0
509890017,COMISION DE DERECHOS HUMANOS DE EL SALVADOR,COMISION DE DERECHOS HUMANOS DE EL SALVADOR,0
607860005,COMISION DE DERECHOS HUMANOS DE EL SALVADOR,COMISION DE DERECHOS HUMANOS DE EL SALVADOR,0
804860060,COMISION DE DERECHOS HUMANOS DE EL SALVADOR,COMISION DE DERECHOS HUMANOS DE EL SALVADOR,0
811850017,COMISION DE DERECHOS HUMANOS DE EL SALVADOR,COMISION DE DERECHOS HUMANOS DE EL SALVADOR,0
901930704,COMISION DE DERECHOS HUMANOS DE EL SALVADOR,COMISION DE DERECHOS HUMANOS DE EL SALVADOR,0
901940728,COMISION DE DERECHOS HUMANOS DE EL SALVADOR,COMISION DE DERECHOS HUMANOS DE EL SALVADOR,0
702920303,ACADEMIA NACIONAL DE SEGURIDAD PUBLICA,ACADEMIA NACIONAL DE SEGURIDAD PUBLICA,0
005010068,ACADEMIA NACIONAL DE SEGURIDAD PUBLICA,ACADEMIA NACIONAL DE SEGURIDAD PUBLICA,0
401020304,AUTORIDAD DE AVIACION CIVIL,AUTORIDAD DE AVIACION CIVIL,0
701041324,AUTORIDAD MARITIMA PORTUARIA,AUTORIDAD MARITIMA PORTUARIA,0
001910650,BANCO DE TIERRAS,BANCO DE TIERRAS,0
701901012,CAJA MUTUAL DE LOS EMPLEADO DEL MINIST EDUCACION,CAJA MUTUAL DE LOS EMPLEADO DEL MINIST EDUCACION,0
306920209,CAJA MUTUAL DE LOS EMPLEADO DEL MINIST EDUCACION,CAJA MUTUAL DE LOS EMPLEADO DEL MINIST EDUCACION,0
409000020,CELULA DE SEGUIMIENTO Y CIERRE DEL PROGRAMA DE APOYO AL PROCE,GOBIERNOS LOCALES (ALCALDIAS),0
901000291,CENTRO DE FORMACION LABORAL,GOBIERNOS LOCALES (ALCALDIAS),0
301070574,CENTRO INTERNACIONAL DE FERIAS Y CONVENCIONES,CENTRO INTERNACIONAL DE FERIAS Y CONVENCIONES,0
101951651,CENTRO NACIONAL DE REGISTROS,CENTRO NACIONAL DE REGISTROS,0
802990090,CENTRO NACIONAL DE TECNOLOGIA AGROPECUARIA (CENTA),CENTRO NACIONAL DE TECNOLOGIA AGROPECUARIA (CENTA),0
301000737,COMISION DEL NUEVO MILENIO,COMISION DEL NUEVO MILENIO,0
801970335,COMISION NACIONAL DE LA MICRO Y PEQUEÑA EMPRESA (CONAMYPE),COMISION NACIONAL DE LA MICRO Y PEQUENA EMPRESA (CONAMYPE),0
401000969,COMISION NACIONAL DE PROMOCION DE INVERSIONES,COMISION NACIONAL DE PROMOCION DE INVERSIONES,0
001890244,COMITE EJECUTIVO FERIA INTERNACIONAL DE EL SALVADOR,CENTRO INTERNACIONAL DE FERIAS Y CONVENCIONES,0
301000271,CONSEJO DE VIGILANCIA CONTADURIA PUBLICA Y AUDITORIA,CONSEJO DE VIGILANCIA CONTADURIA PUBLICA Y AUDITORIA,0
101141490,CONSEJO NACIONAL DE ADMINISTRACION DE BIENES,CONSEJO NACIONAL DE ADMINISTRACION DE BIENES,0
101960382,CONSEJO NACIONAL DE ATENCION INTEGRAL A LA PERSONA CON DISCAP,CONSEJO NACIONAL DE ATENCION INTEGRAL A LA PERSONA CON DISCAP,0
102990223,CONSEJO NACIONAL DE ATENCION INTEGRAL A LA PERSONA CON DISCAP,CONSEJO NACIONAL DE ATENCION INTEGRAL A LA PERSONA CON DISCAP,0
701121737,CONSEJO NACIONAL DE CALIDAD  (CNC),CONSEJO NACIONAL DE CALIDAD  (CNC),0
101130806,CONSEJO NACIONAL DE CIENCIA Y TECNOLOGIA (CONACYT),CONSEJO NACIONAL DE CIENCIA Y TECNOLOGIA (CONACYT),0
601020229,CONSEJO NACIONAL DE CIENCIA Y TECNOLOGIA (CONACYT),CONSEJO NACIONAL DE CIENCIA Y TECNOLOGIA (CONACYT),0
601090963,CONSEJO NACIONAL DE ENERGIA  (CNE),CONSEJO NACIONAL DE ENERGIA  (CNE),0
501111790,CONSEJO NACIONAL DE LA NINEZ Y DE LA ADOLESCENCIA (CONNA),CONSEJO NACIONAL DE LA NINEZ Y DE LA ADOLESCENCIA (CONNA),0
401030563,CONSEJO SALVADORENO DE LA AGROINDUSTRIA AZUCARERA (CONSA),CONSEJO SALVADORENO DE LA AGROINDUSTRIA AZUCARERA (CONSA),0
106800015,CONSEJO SALVADORENO DE MENORES,CONSEJO SALVADORENO DE MENORES,0
403790016,CONSEJO SALVADORENO DE MENORES,CONSEJO SALVADORENO DE MENORES,0
404890008,CONSEJO SALVADORENO DE MENORES,CONSEJO SALVADORENO DE MENORES,0
501890135,CONSEJO SALVADORENO DE MENORES,CONSEJO SALVADORENO DE MENORES,0
710790014,CONSEJO SALVADORENO DE MENORES,CONSEJO SALVADORENO DE MENORES,0
802890024,CONSEJO SALVADORENO DE MENORES,CONSEJO SALVADORENO DE MENORES,0
805890004,CONSEJO SALVADORENO DE MENORES,CONSEJO SALVADORENO DE MENORES,0
811790022,CONSEJO SALVADORENO DE MENORES,CONSEJO SALVADORENO DE MENORES,0
001900114,CONSEJO SALVADORENO DEL CAFE,CONSEJO SALVADORENO DEL CAFE,0
401890229,CONSEJO SUPERIOR DE SALUD PUBLICA,CONSEJO SUPERIOR DE SALUD PUBLICA,0
614870012,CORPORACION SALVADORENA DE INVERSIONES  (CORSAIN),CORPORACION SALVADORENA DE INVERSIONES  (CORSAIN),0
401820286,CORPORACION SALVADORENA DE INVERSIONES  (CORSAIN),CORPORACION SALVADORENA DE INVERSIONES  (CORSAIN),0
601860768,CORPORACION SALVADORENA DE INVERSIONES  (CORSAIN),CORPORACION SALVADORENA DE INVERSIONES  (CORSAIN),0
603040020,CORPORACION SALVADORENA DE INVERSIONES  (CORSAIN),CORPORACION SALVADORENA DE INVERSIONES  (CORSAIN),0
609830002,CORPORACION SALVADORENA DE INVERSIONES  (CORSAIN),CORPORACION SALVADORENA DE INVERSIONES  (CORSAIN),0
801970195,CORPORACION SALVADORENA DE TURISMO,CORPORACION SALVADORENA DE TURISMO,0
801860085,CRUZ ROJA SALVADORENA,CRUZ ROJA SALVADORENA,0
502860013,CRUZ ROJA SALVADORENA,CRUZ ROJA SALVADORENA,0
003790019,CRUZ ROJA SALVADORENA,CRUZ ROJA SALVADORENA,0
906800014,CRUZ ROJA SALVADORENA,CRUZ ROJA SALVADORENA,0
310790017,CRUZ ROJA SALVADORENA,CRUZ ROJA SALVADORENA,0
011790028,CRUZ ROJA SALVADORENA,CRUZ ROJA SALVADORENA,0
801060049,DEFENSORIA DEL CONSUMIDOR,DEFENSORIA DEL CONSUMIDOR,0
701080894,DIRECCION MUNICIPAL PARA LA GESTION SUSTENTABLE,GOBIERNOS LOCALES (ALCALDIAS),0
702120323,DIRECCION NACIONAL DE MEDICAMENTOS,DIRECCION NACIONAL DE MEDICAMENTOS,0
002090089,ESCUELA NACIONAL DE AGRICULTURA ROBERTO QUINONEZ (ENA),ESCUELA NACIONAL DE AGRICULTURA ROBERTO QUINONEZ (ENA),0
306810035,FINANCIERA NACIONAL DE TIERRAS AGRICOLAS,FINANCIERA NACIONAL DE TIERRAS AGRICOLAS,0
311810042,FINANCIERA NACIONAL DE TIERRAS AGRICOLAS,FINANCIERA NACIONAL DE TIERRAS AGRICOLAS,0
703810035,FINANCIERA NACIONAL DE TIERRAS AGRICOLAS,FINANCIERA NACIONAL DE TIERRAS AGRICOLAS,0
901891344,FINANCIERA NACIONAL DE TIERRAS AGRICOLAS,FINANCIERA NACIONAL DE TIERRAS AGRICOLAS,0
910810007,FINANCIERA NACIONAL DE TIERRAS AGRICOLAS,FINANCIERA NACIONAL DE TIERRAS AGRICOLAS,0
401941821,FONDO AMBIENTAL DE EL SALVADOR  (FONAES),FONDO AMBIENTAL DE EL SALVADOR  (FONAES),0
202020380,FONDO DE CONSERVACION VIAL (FOVIAL),FONDO DE CONSERVACION VIAL (FOVIAL),0
801020568,FONDO DE CONSERVACION VIAL (FOVIAL),FONDO DE CONSERVACION VIAL (FOVIAL),0
101890138,FONDO DE GARANTIA PARA CREDITO EDUCATIVO,FONDO DE GARANTIA PARA CREDITO EDUCATIVO,0
301080157,FONDO DE INVERSION NACIONAL EN ELECTRICIDAD Y TELEFONIA (FINE),FONDO DE INVERSION NACIONAL EN ELECTRICIDAD Y TELEFONIA (FINE),0
301910344,FONDO DE INVERSION SOCIAL PARA EL DESARROLLO LOCAL (FISDL),FONDO DE INVERSION SOCIAL PARA EL DESARROLLO LOCAL (FISDL),0
201951006,FONDO DE PROTECCION DE LISIADOS Y DISCAPACITADOS A CONSECUENC,FONDO DE PROTECCION DE LISIADOS Y DISCAPACITADOS A CONSECUENC,0
101070850,FONDO DEL MILENIO,FONDO DEL MILENIO,0
401150310,FONDO DEL MILENIO II,FONDO DEL MILENIO,0
101130781,FONDO PARA LA ATENCION A LAS VICTIMAS DE ACCIDENTES DE TRANSI,FONDO PARA LA ATENCION A LAS VICTIMAS DE ACCIDENTES DE TRANSI,0
801980511,FONDO SALVADORENO PARA ESTUDIOS DE PREINVERSION  (FOSEP),FONDO SALVADORENO PARA ESTUDIOS DE PREINVERSION  (FOSEP),0
201051315,FONDO SOLIDARIO PARA LA SALUD (FOSALUD),FONDO SOLIDARIO PARA LA SALUD (FOSALUD),0
801131422,INSTITUTO DE ACCESO A LA INFORMACION PUBLICA,INSTITUTO DE ACCESO A LA INFORMACION PUBLICA,0
501920227,INSTITUTO DE LEGALIZACION DE LA PROPIEDAD,INSTITUTO DE LEGALIZACION DE LA PROPIEDAD,0
101970063,FONDO DE ACTIVIDADES ESPECIALES  DE MEDIOS DE COMUNICACION Y,FONDO DE ACTIVIDADES ESPECIALES  DE MEDIOS DE COMUNICACION Y,0
201890164,INSTITUTO NACIONAL DE LOS DEPORTES DE ES,INSTITUTO NACIONAL DE LOS DEPORTES,0
101080416,INSTITUTO NACIONAL DE LOS DEPORTES DE ES,INSTITUTO NACIONAL DE LOS DEPORTES,0
409830001,INSTITUTO NACIONAL DEL AZUCAR,INSTITUTO NACIONAL DEL AZUCAR,0
801800642,INSTITUTO NACIONAL DEL AZUCAR,INSTITUTO NACIONAL DEL AZUCAR,0
606820025,INSTITUTO NACIONAL DEL AZUCAR  (Ingenio Chaparrastique),INSTITUTO NACIONAL DEL AZUCAR,0
403810081,INSTITUTO NACIONAL DEL AZUCAR  (Ingenio El Carmen),INSTITUTO NACIONAL DEL AZUCAR,0
811810014,INSTITUTO NACIONAL DEL AZUCAR  (Ingenio Magdalena),INSTITUTO NACIONAL DEL AZUCAR,0
208830001,INSTITUTO NACIONAL DEL AZUCAR  (Ingenio San Francisco),INSTITUTO NACIONAL DEL AZUCAR,0
602860066,INSTITUTO NACIONAL DEL AZUCAR  (Planta Productora  de Alcohol,INSTITUTO NACIONAL DEL AZUCAR,0
708750006,INSTITUTO REGULADOR DE ABASTECIMIENTOS,INSTITUTO REGULADOR DE ABASTECIMIENTOS,0
905750005,INSTITUTO REGULADOR DE ABASTECIMIENTOS,INSTITUTO REGULADOR DE ABASTECIMIENTOS,0
909750006,INSTITUTO REGULADOR DE ABASTECIMIENTOS,INSTITUTO REGULADOR DE ABASTECIMIENTOS,0
612750005,INSTITUTO REGULADOR DE ABASTECIMIENTOS,INSTITUTO REGULADOR DE ABASTECIMIENTOS,0
001940318,INSTITUTO SALVADORENO DE FORMAC PROFESIONAL (INSAFORP),INSTITUTO SALVADORENO DE FORMAC PROFESIONAL (INSAFORP),0
706940004,INSTITUTO SALVADORENO DE FORMACION PROFESIONAL  (INSAFORP),INSTITUTO SALVADORENO DE FORMAC PROFESIONAL (INSAFORP),0
901890198,INSTITUTO SALVADORENO DE REHABILITACION INTEGRAL,INSTITUTO SALVADORENO DE REHABILITACION INTEGRAL,0
311880041,INSTITUTO SALVADORENO DE REHABILITACION INTEGRAL,INSTITUTO SALVADORENO DE REHABILITACION INTEGRAL,0
401890241,INSTITUTO SALVADORENO DE DESARROLLO MUNICIPAL  (ISDEM),INSTITUTO SALVADORENO DE DESARROLLO MUNICIPAL  (ISDEM),0
001890163,INSTITUTO SALVADORENO DE FOMENTO COOPERATIVO  (INSAFOCOOP),INSTITUTO SALVADORENO DE FOMENTO COOPERATIVO  (INSAFOCOOP),0
406800020,INSTITUTO SALVADORENO DE FOMENTO COOPERATIVO  (INSAFOCOOP),INSTITUTO SALVADORENO DE FOMENTO COOPERATIVO  (INSAFOCOOP),0
609890009,INSTITUTO SALVADORENO DE FOMENTO COOPERATIVO  (INSAFOCOOP),INSTITUTO SALVADORENO DE FOMENTO COOPERATIVO  (INSAFOCOOP),0
611790009,INSTITUTO SALVADORENO DE FOMENTO COOPERATIVO  (INSAFOCOOP),INSTITUTO SALVADORENO DE FOMENTO COOPERATIVO  (INSAFOCOOP),0
111700076,INSTITUTO SALVADORENO DE FOMENTO INDUSTRIAL,INSTITUTO SALVADORENO DE FOMENTO INDUSTRIAL,0
309740006,INSTITUTO SALVADORENO DE FOMENTO INDUSTRIAL  (INSAFI),INSTITUTO SALVADORENO DE FOMENTO INDUSTRIAL,0
101700378,INSTITUTO SALVADORENO DE FOMENTO INDUSTRIAL  (INSAFI),INSTITUTO SALVADORENO DE FOMENTO INDUSTRIAL,0
301770186,INSTITUTO SALVADORENO DE FOMENTO INDUSTRIAL (Fabrica camisas,INSTITUTO SALVADORENO DE FOMENTO INDUSTRIAL,0
501770187,INSTITUTO SALVADORENO DE FOMENTO INDUSTRIAL (Molinos de Arroz,INSTITUTO SALVADORENO DE FOMENTO INDUSTRIAL,0
001760755,INSTITUTO SALVADORENO DE FOMENTO INDUSTRIAL (Textilera Izalco,INSTITUTO SALVADORENO DE FOMENTO INDUSTRIAL,0
413790001,INSAFI CENTRO DE ADIEST CERAMICA ILOBASC,GOBIERNOS LOCALES (ALCALDIAS),0
011790023,INSTITUTO SALVADORENO DE INVESTIGACION  DEL CAFE,INSTITUTO SALVADORENO DE INVESTIGACION  DEL CAFE,0
910790015,INSTITUTO SALVADORENO DE INVESTIGACION  DEL CAFE,INSTITUTO SALVADORENO DE INVESTIGACION  DEL CAFE,0
306800011,INSTITUTO SALVADORENO DE INVESTIGACIONES DEL CAFE,INSTITUTO SALVADORENO DE INVESTIGACION  DEL CAFE,0
707800012,INSTITUTO SALVADORENO DE INVESTIGACIONES DEL CAFE,INSTITUTO SALVADORENO DE INVESTIGACION  DEL CAFE,0
003940176,INSTITUTO SALVADORENO DE PROTECCION MENOR,INSTITUTO SALVADORENO DE PROTECCION MENOR,0
110790016,INSTITUTO SALVADORENO DE TRANSFORMACION AGRARIA (ISTA),INSTITUTO SALVADORENO DE TRANSFORMACION AGRARIA (ISTA),0
212890016,INSTITUTO SALVADORENO DE TRANSFORMACION AGRARIA (ISTA),INSTITUTO SALVADORENO DE TRANSFORMACION AGRARIA (ISTA),0
506840071,INSTITUTO SALVADORENO DE TRANSFORMACION AGRARIA (ISTA),INSTITUTO SALVADORENO DE TRANSFORMACION AGRARIA (ISTA),0
508890013,INSTITUTO SALVADORENO DE TRANSFORMACION AGRARIA (ISTA),INSTITUTO SALVADORENO DE TRANSFORMACION AGRARIA (ISTA),0
604890009,INSTITUTO SALVADORENO DE TRANSFORMACION AGRARIA (ISTA),INSTITUTO SALVADORENO DE TRANSFORMACION AGRARIA (ISTA),0
611790026,INSTITUTO SALVADORENO DE TRANSFORMACION AGRARIA (ISTA),INSTITUTO SALVADORENO DE TRANSFORMACION AGRARIA (ISTA),0
701890251,INSTITUTO SALVADORENO DE TRANSFORMACION AGRARIA (ISTA),INSTITUTO SALVADORENO DE TRANSFORMACION AGRARIA (ISTA),0
705890017,INSTITUTO SALVADORENO DE TRANSFORMACION AGRARIA (ISTA),INSTITUTO SALVADORENO DE TRANSFORMACION AGRARIA (ISTA),0
709890018,INSTITUTO SALVADORENO DE TRANSFORMACION AGRARIA (ISTA),INSTITUTO SALVADORENO DE TRANSFORMACION AGRARIA (ISTA),0
802890046,INSTITUTO SALVADORENO DE TRANSFORMACION AGRARIA (ISTA),INSTITUTO SALVADORENO DE TRANSFORMACION AGRARIA (ISTA),0
803790018,INST SALV DE TRANSFORMACION AGRARIA,INSTITUTO SALVADORENO DE TRANSFORMACION AGRARIA (ISTA),0
012890015,INSTITUTO SALVADORENO DE TURISMO,INSTITUTO SALVADORENO DE TURISMO,0
101890194,INSTITUTO SALVADORENO DE TURISMO,INSTITUTO SALVADORENO DE TURISMO,0
102890039,INSTITUTO SALVADORENO DE TURISMO,INSTITUTO SALVADORENO DE TURISMO,0
109890015,INSTITUTO SALVADORENO DE TURISMO,INSTITUTO SALVADORENO DE TURISMO,0
111790015,INSTITUTO SALVADORENO DE TURISMO,INSTITUTO SALVADORENO DE TURISMO,0
305890015,INSTITUTO SALVADORENO DE TURISMO,INSTITUTO SALVADORENO DE TURISMO,0
414800012,INSTITUTO SALVADORENO DE TURISMO,INSTITUTO SALVADORENO DE TURISMO,0
506800017,INSTITUTO SALVADORENO DE TURISMO,INSTITUTO SALVADORENO DE TURISMO,0
803790013,INSTITUTO SALVADORENO DE TURISMO,INSTITUTO SALVADORENO DE TURISMO,0
201970217,INSTITUTO SALVADORENO PARA EL DESARROLLO DE LA MUJER  (ISDEMU,INSTITUTO SALVADORENO PARA EL DESARROLLO DE LA MUJER  (ISDEMU),0
901931335,INSTITUTO SALVADORENO PARA EL DESARROLLO INTEGRAL DE LA NINEZ,INSTITUTO SALVADORENO PARA EL DESARROLLO INTEGRAL DE LA NINEZ,0
001950239,OFICINA DE PLANIFICACION DEL AREA METROPOLITANA  (OPAMS),OFICINA DE PLANIFICACION DEL AREA METROPOLITANA  (OPAMS),0
301050977,ORGANISMO PROMOTOR DE EXPORTACIONES E INVERSIONES (PROESA),ORGANISMO PROMOTOR DE EXPORTACIONES E INVERSIONES (PROESA),0
801041311,PARLAMENTO CENTROAMERICANO SUBSEDE DE EL SALVADOR,PARLAMENTO CENTROAMERICANO SUBSEDE DE EL SALVADOR,0
101971518,REGISTRO NACIONAL DE LAS PERSONAS NATURALES  (RNPN),REGISTRO NACIONAL DE LAS PERSONAS NATURALES  (RNPN),0
801060061,SUPERINTENDENCIA DE COMPETENCIA,SUPERINTENDENCIA DE COMPETENCIA,0
101970720,SUPERINTENDENCIA DE PENSIONES,SUPERINTENDENCIA DE PENSIONES,0
801970058,SUPERINTENDENCIA DE VALORES,SUPERINTENDENCIA DE VALORES,0
001920152,SUPERINTENDENCIA DEL SISTEMA FINANCIERO,SUPERINTENDENCIA DEL SISTEMA FINANCIERO,0
301111439,SUPERINTENDENCIA DEL SISTEMA FINANCIERO,SUPERINTENDENCIA DEL SISTEMA FINANCIERO,0
002980234,SUPERINTENDENCIA GENERAL DE ELECTRICIDAD Y TELECOMUNICACIONES,SUPERINTENDENCIA GENERAL DE ELECTRICIDAD Y TELECOMUNICACIONES,0
501970484,SUPERINTENDENCIA GENERAL DE ELECTRICIDAD Y TELECOMUNICACIONES,SUPERINTENDENCIA GENERAL DE ELECTRICIDAD Y TELECOMUNICACIONES,0
201890120,UNIVERSIDAD DE EL SALVADOR,UNIVERSIDAD DE EL SALVADOR,0
505890011,UNIVERSIDAD DE EL SALVADOR,UNIVERSIDAD DE EL SALVADOR,0
511790012,UNIVERSIDAD DE EL SALVADOR,UNIVERSIDAD DE EL SALVADOR,0
906800019,UNIVERSIDAD DE EL SALVADOR,UNIVERSIDAD DE EL SALVADOR,0
101580003,INSTITUTO SALVADORENO DEL SEGURO SOCIAL,INSTITUTO SALVADORENO DEL SEGURO SOCIAL,0
102690263,INSTITUTO SALVADORENO DEL SEGURO SOCIAL,INSTITUTO SALVADORENO DEL SEGURO SOCIAL,0
103610059,INSTITUTO SALVADORENO DEL SEGURO SOCIAL,INSTITUTO SALVADORENO DEL SEGURO SOCIAL,0
104680297,INSTITUTO SALVADORENO DEL SEGURO SOCIAL,INSTITUTO SALVADORENO DEL SEGURO SOCIAL,0
105690113,INSTITUTO SALVADORENO DEL SEGURO SOCIAL,INSTITUTO SALVADORENO DEL SEGURO SOCIAL,0
106680637,INSTITUTO SALVADORENO DEL SEGURO SOCIAL,INSTITUTO SALVADORENO DEL SEGURO SOCIAL,0
111691450,INSTITUTO SALVADORENO DEL SEGURO SOCIAL,INSTITUTO SALVADORENO DEL SEGURO SOCIAL,0
114690105,INSTITUTO SALVADORENO DEL SEGURO SOCIAL,INSTITUTO SALVADORENO DEL SEGURO SOCIAL,0
210940001,INSTITUTO SALVADORENO DEL SEGURO SOCIAL,INSTITUTO SALVADORENO DEL SEGURO SOCIAL,0
307940001,INSTITUTO SALVADORENO DEL SEGURO SOCIAL,INSTITUTO SALVADORENO DEL SEGURO SOCIAL,0
312750017,INSTITUTO SALVADORENO DEL SEGURO SOCIAL,INSTITUTO SALVADORENO DEL SEGURO SOCIAL,0
509720003,INSTITUTO SALVADORENO DEL SEGURO SOCIAL,INSTITUTO SALVADORENO DEL SEGURO SOCIAL,0
513750017,INSTITUTO SALVADORENO DEL SEGURO SOCIAL,INSTITUTO SALVADORENO DEL SEGURO SOCIAL,0
601101469,INSTITUTO SALVADORENO DEL SEGURO SOCIAL,INSTITUTO SALVADORENO DEL SEGURO SOCIAL,0
908720001,INSTITUTO SALVADORENO DEL SEGURO SOCIAL,INSTITUTO SALVADORENO DEL SEGURO SOCIAL,0
101870215,INSTITUTO DE PREVISION SOCIAL DE LA FUERZA ARMADA,INSTITUTO DE PREVISION SOCIAL DE LA FUERZA ARMADA,0
601980510,INSTITUTO DE PREVISION SOCIAL DE LA FUERZA ARMADA,INSTITUTO DE PREVISION SOCIAL DE LA FUERZA ARMADA,0
601131568,INSTITUTO DE PREVISION SOCIAL DE LA FUERZA ARMADA,INSTITUTO DE PREVISION SOCIAL DE LA FUERZA ARMADA,0
901810273,INSTITUTO NACIONAL PENSIONES EMPLEADOS PUBLICOS,INSTITUTO NACIONAL PENSIONES EMPLEADOS PUBLICOS,0
501080979,INSTITUTO SALVADORENO DE BIENESTAR MAGISTERIAL,INSTITUTO SALVADORENO DE BIENESTAR MAGISTERIAL,0
101690030,ADMON NAC DE ACUEDUCTOS Y ALCANTARILLADO,ADMON NAC DE ACUEDUCTOS Y ALCANTARILLADO,0
102690227,ADMON NAC DE ACUEDUCTOS Y ALCANTARILLADO,ADMON NAC DE ACUEDUCTOS Y ALCANTARILLADO,0
103690043,ADMON NAC DE ACUEDUCTOS Y ALCANTARILLADO,ADMON NAC DE ACUEDUCTOS Y ALCANTARILLADO,0
104680343,ADMON NAC DE ACUEDUCTOS Y ALCANTARILLADO,ADMON NAC DE ACUEDUCTOS Y ALCANTARILLADO,0
105690101,ADMON NAC DE ACUEDUCTOS Y ALCANTARILLADO,ADMON NAC DE ACUEDUCTOS Y ALCANTARILLADO,0
106680682,ADMON NAC DE ACUEDUCTOS Y ALCANTARILLADO,ADMON NAC DE ACUEDUCTOS Y ALCANTARILLADO,0
107680036,ADMON NAC DE ACUEDUCTOS Y ALCANTARILLADO,ADMON NAC DE ACUEDUCTOS Y ALCANTARILLADO,0
108680218,ADMON NAC DE ACUEDUCTOS Y ALCANTARILLADO,ADMON NAC DE ACUEDUCTOS Y ALCANTARILLADO,0
110710003,ADMON NAC DE ACUEDUCTOS Y ALCANTARILLADO,ADMON NAC DE ACUEDUCTOS Y ALCANTARILLADO,0
111690603,ADMON NAC DE ACUEDUCTOS Y ALCANTARILLADO,ADMON NAC DE ACUEDUCTOS Y ALCANTARILLADO,0
112680029,ADMON NAC DE ACUEDUCTOS Y ALCANTARILLADO,ADMON NAC DE ACUEDUCTOS Y ALCANTARILLADO,0
114680001,ADMON NAC DE ACUEDUCTOS Y ALCANTARILLADO,ADMON NAC DE ACUEDUCTOS Y ALCANTARILLADO,0
109680019,ADMON NAC DE ACUEDUCTOS Y ALCANTARILLADO,ADMON NAC DE ACUEDUCTOS Y ALCANTARILLADO,0
113680002,ADMON NAC DE ACUEDUCTOS Y ALCANTARILLADO,ADMON NAC DE ACUEDUCTOS Y ALCANTARILLADO,0
011740062,LOTERIA NACIONAL DE BENEFICENCIA,LOTERIA NACIONAL DE BENEFICENCIA,0
101690026,LOTERIA NACIONAL DE BENEFICENCIA,LOTERIA NACIONAL DE BENEFICENCIA,0
406840023,LOTERIA NACIONAL DE BENEFICENCIA,LOTERIA NACIONAL DE BENEFICENCIA,0
503890035,LOTERIA NACIONAL DE BENEFICENCIA,LOTERIA NACIONAL DE BENEFICENCIA,0
614890011,LOTERIA NACIONAL DE BENEFICENCIA,LOTERIA NACIONAL DE BENEFICENCIA,0
702890059,LOTERIA NACIONAL DE BENEFICENCIA,LOTERIA NACIONAL DE BENEFICENCIA,0
805850001,LOTERIA NACIONAL DE BENEFICENCIA,LOTERIA NACIONAL DE BENEFICENCIA,0
809890022,LOTERIA NACIONAL DE BENEFICENCIA,LOTERIA NACIONAL DE BENEFICENCIA,0
904890014,LOTERIA NACIONAL DE BENEFICENCIA,LOTERIA NACIONAL DE BENEFICENCIA,0
101690029,COMISION EJECUTIVA HIDROELECTRICA RIO LEMPA,COMISION EJECUTIVA HIDROELECTRICA RIO LEMPA,0
102690253,COMISION EJECUTIVA HIDROELECTRICA RIO LEMPA,COMISION EJECUTIVA HIDROELECTRICA RIO LEMPA,0
103690189,COMISION EJECUTIVA HIDROELEC DEL RIO LEM,COMISION EJECUTIVA HIDROELECTRICA RIO LEMPA,0
104690073,COMISION EJECUTIVA HIDROELECTRICA RIO LE,COMISION EJECUTIVA HIDROELECTRICA RIO LEMPA,0
105690020,COMISION EJECUTIVA HIDROLEC DEL RIO LEMP,COMISION EJECUTIVA HIDROELECTRICA RIO LEMPA,0
106680692,COMISION EJECUTIVA HIDROELECTRICA DE RIO,COMISION EJECUTIVA HIDROELECTRICA RIO LEMPA,0
107690003,COMISION EJECUTIVA HIDROELECTRICA RIO LE,COMISION EJECUTIVA HIDROELECTRICA RIO LEMPA,0
108690008,COMISION EJECUTIVA HIDROELECTRICA DEL RI,COMISION EJECUTIVA HIDROELECTRICA RIO LEMPA,0
110690258,COMISION EJECUTIVA HIDROELEC DEL RIO LEM,COMISION EJECUTIVA HIDROELECTRICA RIO LEMPA,0
111690815,COMISION EJECUTIVA HIDROELECTRI DEL RIO,COMISION EJECUTIVA HIDROELECTRICA RIO LEMPA,0
112690005,COM EJEC HIDROECT DEL RIO LEM,COMISION EJECUTIVA HIDROELECTRICA RIO LEMPA,0
113680022,COMISION EJECUTIVA DEL RIO LEMPA CEL,COMISION EJECUTIVA HIDROELECTRICA RIO LEMPA,0
114680012,COMISION EJECUTIVA DEL RIO LEMPA,COMISION EJECUTIVA HIDROELECTRICA RIO LEMPA,0
801750453,COMISION EJECUTIVA PORTUARIA AUTONOMA,COMISION EJECUTIVA PORTUARIA AUTONOMA,0
101660571,COMISION EJECUTIVA PORTUARIA AUTONOMA,COMISION EJECUTIVA PORTUARIA AUTONOMA,0
101610097,COMISION EJECUTIVA PORTUARIA AUTONOMA,COMISION EJECUTIVA PORTUARIA AUTONOMA,0
502750067,COMISION EJECUTIVA PORTUARIA AUTONOMA,COMISION EJECUTIVA PORTUARIA AUTONOMA,0
102700091,COMISION EJECUTIVA PORTUARIA AUTONOMA,COMISION EJECUTIVA PORTUARIA AUTONOMA,0
502750001,COMISION EJECUTIVA PORTUARIA AUTONOMA,COMISION EJECUTIVA PORTUARIA AUTONOMA,0
903750024,COMISION EJECUTIVA PORTUARIA AUTONOMA,COMISION EJECUTIVA PORTUARIA AUTONOMA,0
103610053,COMISION EJECUTIVA PORTUARIA AUTONOMA,COMISION EJECUTIVA PORTUARIA AUTONOMA,0
103670021,COMISION EJECUTIVA PORTUARIA AUTONOMA,COMISION EJECUTIVA PORTUARIA AUTONOMA,0
405750016,COMISION EJECUTIVA PORTUARIA AUTONOMA,COMISION EJECUTIVA PORTUARIA AUTONOMA,0
306750001,COMISION EJECUTIVA PORTUARIA AUTONOMA,COMISION EJECUTIVA PORTUARIA AUTONOMA,0
806750034,COMISION EJECUTIVA PORTUARIA AUTONOMA,COMISION EJECUTIVA PORTUARIA AUTONOMA,0
908750024,COMISION EJECUTIVA PORTUARIA AUTONOMA,COMISION EJECUTIVA PORTUARIA AUTONOMA,0
609750013,COMISION EJECUTIVA PORTUARIA AUTONOMA,COMISION EJECUTIVA PORTUARIA AUTONOMA,0
510750010,COMISION EJECUTIVA PORTUARIA AUTONOMA,COMISION EJECUTIVA PORTUARIA AUTONOMA,0
011750042,COMISION EJECUTIVA PORTUARIA AUTONOMA,COMISION EJECUTIVA PORTUARIA AUTONOMA,0
714750012,COMISION EJECUTIVA PORTUARIA AUTONOMA,COMISION EJECUTIVA PORTUARIA AUTONOMA,0
104750024,FERROCARRILES NACIONALES DE EL SALVADOR,FERROCARRILES NACIONALES DE EL SALVADOR,0
201991423,FONDO SOLIDARIO PARA LA FAMILIA MICROEMP (FOSOFAMILIA),FONDO SOLIDARIO PARA LA FAMILIA MICROEMP (FOSOFAMILIA),0
101610173,BANCO CENTRAL DE RESERVA DE EL SALVADOR,BANCO CENTRAL DE RESERVA DE EL SALVADOR,0
103640007,BANCO CENTRAL DE RESERVA DE EL SALVADOR,BANCO CENTRAL DE RESERVA DE EL SALVADOR,0
106680207,BANCO CENTRAL DE RESERVA DE EL SALVADOR,BANCO CENTRAL DE RESERVA DE EL SALVADOR,0
107680048,BANCO CENTRAL DE RESERVA DE EL SALVADOR,BANCO CENTRAL DE RESERVA DE EL SALVADOR,0
111690039,BANCO CENTRAL DE RESERVA DE EL SALVADOR,BANCO CENTRAL DE RESERVA DE EL SALVADOR,0
101540317,BANCO CENTRAL DE RESERVA DE EL SALVADOR,BANCO CENTRAL DE RESERVA DE EL SALVADOR,0
801941247,BANCO DE DESARROLLO DE EL SALVADOR (BANDESAL),BANCO DE DESARROLLO DE EL SALVADOR (BANDESAL),0
012740005,BANCO DE FOMENTO AGROPECUARIO,BANCO DE FOMENTO AGROPECUARIO,0
106730040,BANCO DE FOMENTO AGROPECUARIO,BANCO DE FOMENTO AGROPECUARIO,0
203730133,BANCO DE FOMENTO AGROPECUARIO,BANCO DE FOMENTO AGROPECUARIO,0
409730052,BANCO DE FOMENTO AGROPECUARIO,BANCO DE FOMENTO AGROPECUARIO,0
413750003,BANCO DE FOMENTO AGROPECUARIO,BANCO DE FOMENTO AGROPECUARIO,0
507730007,BANCO DE FOMENTO AGROPECUARIO,BANCO DE FOMENTO AGROPECUARIO,0
605730074,BANCO DE FOMENTO AGROPECUARIO,BANCO DE FOMENTO AGROPECUARIO,0
701730842,BANCO DE FOMENTO AGROPECUARIO,BANCO DE FOMENTO AGROPECUARIO,0
710740019,BANCO DE FOMENTO AGROPECUARIO,BANCO DE FOMENTO AGROPECUARIO,0
711730131,BANCO DE FOMENTO AGROPECUARIO,BANCO DE FOMENTO AGROPECUARIO,0
714730018,BANCO DE FOMENTO AGROPECUARIO,BANCO DE FOMENTO AGROPECUARIO,0
802730115,BANCO DE FOMENTO AGROPECUARIO,BANCO DE FOMENTO AGROPECUARIO,0
804730059,BANCO DE FOMENTO AGROPECUARIO,BANCO DE FOMENTO AGROPECUARIO,0
808730072,BANCO DE FOMENTO AGROPECUARIO,BANCO DE FOMENTO AGROPECUARIO,0
103630018,BANCO HIPOTECARIO DE EL SALVADOR,BANCO HIPOTECARIO DE EL SALVADOR,0
105690109,BANCO HIPOTECARIO DE EL SALVADOR,BANCO HIPOTECARIO DE EL SALVADOR,0
106680008,BANCO HIPOTECARIO DE EL SALVADOR,BANCO HIPOTECARIO DE EL SALVADOR,0
109680015,BANCO HIPOTECARIO DE EL SALVADOR,BANCO HIPOTECARIO DE EL SALVADOR,0
110690254,BANCO HIPOTECARIO DE EL SALVADOR,BANCO HIPOTECARIO DE EL SALVADOR,0
111690043,BANCO HIPOTECARIO DE EL SALVADOR,BANCO HIPOTECARIO DE EL SALVADOR,0
113680011,BANCO HIPOTECARIO DE EL SALVADOR,BANCO HIPOTECARIO DE EL SALVADOR,0
104680139,BANCO HIPOTECARIO DE EL SALVADOR,BANCO HIPOTECARIO DE EL SALVADOR,0
101540711,BANCO HIPOTECARIO DEL EL SALVADOR,BANCO HIPOTECARIO DE EL SALVADOR,0
201820285,BANCO NACIONAL DE FOMENTO INDUSTRIAL,BANCO NACIONAL DE FOMENTO INDUSTRIAL,0
906890073,BANCO NACIONAL DE FOMENTO INDUSTRIAL,BANCO NACIONAL DE FOMENTO INDUSTRIAL,0
102890051,FONDO DE FINANCIAMIENTO GTIA PEQUENA EMPRESA,FONDO DE FINANCIAMIENTO GTIA PEQUENA EMPRESA,0
301890293,FONDO DE FINANCIAMIENTO GTIA PEQUENA EMPRESA,FONDO DE FINANCIAMIENTO GTIA PEQUENA EMPRESA,0
108890016,FONDO DE FINANCIAMIENTO GTIA PEQUENA EMPRESA,FONDO DE FINANCIAMIENTO GTIA PEQUENA EMPRESA,0
111790032,FONDO DE FINANCIAMIENTO GTIA PEQUENA EMPRESA,FONDO DE FINANCIAMIENTO GTIA PEQUENA EMPRESA,0
204850060,FONDO DE FINANCIAMIENTO GTIA PEQUENA EMPRESA,FONDO DE FINANCIAMIENTO GTIA PEQUENA EMPRESA,0
605890020,FONDO DE FINANCIAMIENTO GTIA PEQUENA EMPRESA,FONDO DE FINANCIAMIENTO GTIA PEQUENA EMPRESA,0
803810027,FONDO DE FINANCIAMIENTO GTIA PEQUENA EMPRESA,FONDO DE FINANCIAMIENTO GTIA PEQUENA EMPRESA,0
706800013,FONDO DE FINANCIAMIENTO GTIA PEQUENA EMPRESA,FONDO DE FINANCIAMIENTO GTIA PEQUENA EMPRESA,0
901951231,FONDO DE SANEAMIENTO Y FORTALECIMIENTO FINANCIERO,FONDO DE SANEAMIENTO Y FORTALECIMIENTO FINANCIERO,0
401971523,FONDO NACIONAL DE VIVIENDA  POPULAR,FONDO NACIONAL DE VIVIENDA  POPULAR,0
601750217,FONDO SOCIAL PARA LA VIVIENDA,FONDO SOCIAL PARA LA VIVIENDA,0
501950745,FONDO PROTECCION FUNCIONARIOS EMPRESA BCO CENTRAL DE RESERVA,BANCO CENTRAL DE RESERVA DE EL SALVADOR,0
001930752,ALCALDIA MUNICIPAL DE SOYAPANGO,GOBIERNOS LOCALES (ALCALDIAS),0
001990612,ALCALDIA MUNICIPAL DE CUSCATANCINGO,GOBIERNOS LOCALES (ALCALDIAS),0
201930052,ALCALDIA MUNICIPAL DE APOPA,GOBIERNOS LOCALES (ALCALDIAS),0
201980976,ALCALDIA MUNICIPAL DE SANTIAGO TEXACUANG,GOBIERNOS LOCALES (ALCALDIAS),0
201991261,ALCALDIA MUNICIPAL DE GUAZAPA,GOBIERNOS LOCALES (ALCALDIAS),0
301980284,ALCALDIA MUNICIPAL DE AYUTUXTEPEQUE,GOBIERNOS LOCALES (ALCALDIAS),0
301990345,ALCALDIA MUNICIPAL DE PANCHIMALCO,GOBIERNOS LOCALES (ALCALDIAS),0
401990371,ALCALDIA MUNICIPAL DE CIUDAD DELGADO,GOBIERNOS LOCALES (ALCALDIAS),0
501980001,ALCALDIA MUNICIPAL DE SAN MARCOS,GOBIERNOS LOCALES (ALCALDIAS),0
501980567,ALCALDIA MUNICIPAL DE MEJICANOS,GOBIERNOS LOCALES (ALCALDIAS),0
501990167,ALCALDIA MUNICIPAL DE EL PAISNAL,GOBIERNOS LOCALES (ALCALDIAS),0
501990802,ALCALDIA MUNICIPAL DE AGUILARES,GOBIERNOS LOCALES (ALCALDIAS),0
601961583,ALCALDIA MUNICIPAL DE NEJAPA,GOBIERNOS LOCALES (ALCALDIAS),0
701940705,ALCALDIA MUNICIPAL DE SAN SALVADOR,GOBIERNOS LOCALES (ALCALDIAS),0
701990381,ALCALDIA MUNICIPAL DE ROSARIO DE MORA,GOBIERNOS LOCALES (ALCALDIAS),0
801950157,ALCALDIA MUNICIPAL DE ILOPANGO,GOBIERNOS LOCALES (ALCALDIAS),0
801990373,ALCALDIA MUNICIPAL DE SAN MARTIN,GOBIERNOS LOCALES (ALCALDIAS),0
801990471,ALCALDIA MUNICIPAL DE TONACATEPEQUE,GOBIERNOS LOCALES (ALCALDIAS),0
901990382,ALCALDIA MUNICIPAL DE SANTO TOMAS,GOBIERNOS LOCALES (ALCALDIAS),0
002990052,ALCALDIA MUNICIPAL DE SAN JOSE VILLANUEV,GOBIERNOS LOCALES (ALCALDIAS),0
002990079,ALCALDIA MUNICIPAL DE TEPECOYO,GOBIERNOS LOCALES (ALCALDIAS),0
002990317,ALCALDIA MUNICIPAL DE JAYAQUE,GOBIERNOS LOCALES (ALCALDIAS),0
102960200,ALCALDIA MUNICIPAL DE SACACOYO,GOBIERNOS LOCALES (ALCALDIAS),0
102990061,ALCALDIA MUNICIPAL DE COMASAGUA,GOBIERNOS LOCALES (ALCALDIAS),0
202990058,ALCALDIA MUNICIPAL DE JICALAPA,GOBIERNOS LOCALES (ALCALDIAS),0
302990062,ALCALDIA MUNICIPAL DE SAN MATIAS,GOBIERNOS LOCALES (ALCALDIAS),0
402920278,ALCALDIA MUNICIPAL DE ANTIGUO CUSCATLAN,GOBIERNOS LOCALES (ALCALDIAS),0
402960416,ALCALDIA MUNICIPAL DE CIUDAD ARCE,GOBIERNOS LOCALES (ALCALDIAS),0
402990059,ALCALDIA MUNICIPAL DE TALNIQUE,GOBIERNOS LOCALES (ALCALDIAS),0
402990319,ALCALDIA MUNICIPAL DE TEOTEPEQUE,GOBIERNOS LOCALES (ALCALDIAS),0
502910104,ALCALDIA MUNICIPAL DE SANTA TECLA,GOBIERNOS LOCALES (ALCALDIAS),0
502990105,ALCALDIA MUNICIPAL DE TAMANIQUE,GOBIERNOS LOCALES (ALCALDIAS),0
602000160,ALCALDIA MUNICIPAL DE HUIZUCAR,GOBIERNOS LOCALES (ALCALDIAS),0
602940295,ALCALDIA MUNICIPAL DE VILLA COLON,GOBIERNOS LOCALES (ALCALDIAS),0
602970257,ALCALDIA MUNICIPAL DE SAN JUAN OPICO,GOBIERNOS LOCALES (ALCALDIAS),0
702930160,ALCALDIA MUNICIPAL DE QUEZALTEPEQUE,GOBIERNOS LOCALES (ALCALDIAS),0
702990081,ALCALDIA MUNICIPAL DE LA LIBERTAD,GOBIERNOS LOCALES (ALCALDIAS),0
802990051,ALCALDIA MUNICIPAL DE NUEVO CUSCATLAN,GOBIERNOS LOCALES (ALCALDIAS),0
802990073,ALCALDIA MUNICIPAL DE SAN PABLO TACACHIC,GOBIERNOS LOCALES (ALCALDIAS),0
902970066,ALCALDIA MUNICIPAL ZARAGOZA,GOBIERNOS LOCALES (ALCALDIAS),0
902990060,ALCALDIA MUNICIPAL DE CHILTIUPAN,GOBIERNOS LOCALES (ALCALDIAS),0
203860127,ALCALDIA MUNICIPAL DE SONZACATE,GOBIERNOS LOCALES (ALCALDIAS),0
203990052,ALCALDIA MUNICIPAL DE SANTO DOMINGO DE G,GOBIERNOS LOCALES (ALCALDIAS),0
303960060,ALCALDIA MUNICIPAL DE SAN JULIAN,GOBIERNOS LOCALES (ALCALDIAS),0
303990061,ALCALDIA MUNICIPAL DE SANTA ISABEL ISHUA,GOBIERNOS LOCALES (ALCALDIAS),0
403940195,ALCALDIA MUNICIPAL DE CALUCO,GOBIERNOS LOCALES (ALCALDIAS),0
403990053,ALCALDIA MUNICIPAL DE CUISNAHUAT,GOBIERNOS LOCALES (ALCALDIAS),0
503860012,ALCALDIA MUNICIPAL DE SONSONATE,GOBIERNOS LOCALES (ALCALDIAS),0
503960061,ALCALDIA MUNICIPAL DE SAN ANTONIO DEL MO,GOBIERNOS LOCALES (ALCALDIAS),0
503990062,ALCALDIA MUNICIPAL DE NAHUIZALCO,GOBIERNOS LOCALES (ALCALDIAS),0
603990054,ALCALDIA MUNICIPAL DE SANTA CATARINA MAS,GOBIERNOS LOCALES (ALCALDIAS),0
703990063,ALCALDIA MUNICIPAL DE SALCOATITAN,GOBIERNOS LOCALES (ALCALDIAS),0
803860169,ALCALDIA MUNICIPAL DE JUAYUA,GOBIERNOS LOCALES (ALCALDIAS),0
803960059,ALCALDIA MUNICIPAL DE IZALCO,GOBIERNOS LOCALES (ALCALDIAS),0
803990055,ALCALDIA MUNICIPAL DE NAHULINGO,GOBIERNOS LOCALES (ALCALDIAS),0
903880074,ALCALDIA MUNICIPAL DE ACAJUTLA,GOBIERNOS LOCALES (ALCALDIAS),0
903960024,ALCALDIA MUNICIPAL DE ARMENIA,GOBIERNOS LOCALES (ALCALDIAS),0
004990011,ALCALDIA MUNICIPAL DE JIQUILISCO,GOBIERNOS LOCALES (ALCALDIAS),0
104980121,ALCALDIA MUNICIPAL DE SANTIAGO DE MARIA,GOBIERNOS LOCALES (ALCALDIAS),0
104980126,ALCALDIA MUNICIPAL DE NUEVA GRANADA,GOBIERNOS LOCALES (ALCALDIAS),0
104990003,ALCALDIA MUNICIPAL DE MERCEDES UMAÑA,GOBIERNOS LOCALES (ALCALDIAS),0
204980135,ALCALDIA MUNICIPAL DE EREGUAYQUIN,GOBIERNOS LOCALES (ALCALDIAS),0
204990012,ALCALDIA MUNICIPAL DE JUCUAPA,GOBIERNOS LOCALES (ALCALDIAS),0
204990051,ALCALDIA MUNICIPAL DE USULUTAN,GOBIERNOS LOCALES (ALCALDIAS),0
304980127,ALCALDIA MUNICIPAL DE EL TRIUNFO,GOBIERNOS LOCALES (ALCALDIAS),0
304990004,ALCALDIA MUNICIPAL DE TECAPAN,GOBIERNOS LOCALES (ALCALDIAS),0
304990009,ALCALDIA MUNICIPAL DE SAN AGUSTIN,GOBIERNOS LOCALES (ALCALDIAS),0
304990043,ALCALDIA MUNICIPAL SANTA MARIA,GOBIERNOS LOCALES (ALCALDIAS),0
404970014,ALCALDIA MUNICIPAL DE PUERTO EL TRIUNFO,GOBIERNOS LOCALES (ALCALDIAS),0
404990013,ALCALDIA MUNICIPAL DE VILLA DE OZATLAN,GOBIERNOS LOCALES (ALCALDIAS),0
504990005,ALCALDIA MUNICIPAL DE SANTA ELENA,GOBIERNOS LOCALES (ALCALDIAS),0
604980137,ALCALDIA MUNICIPAL DE ESTANZUELAS,GOBIERNOS LOCALES (ALCALDIAS),0
704990001,ALCALDIA MUNICIPAL DE BERLIN,GOBIERNOS LOCALES (ALCALDIAS),0
804990010,ALCALDIA MUNICIPAL DE CALIFORNIA,GOBIERNOS LOCALES (ALCALDIAS),0
804990054,ALCALDIA MUNICIPAL DE SAN BUENAVENTURA,GOBIERNOS LOCALES (ALCALDIAS),0
804990211,ALCALDIA MUNICIPAL DE ALEGRIA,GOBIERNOS LOCALES (ALCALDIAS),0
904960121,ALCALDIA MUNICIPAL DE CONCEPCION BATRES,GOBIERNOS LOCALES (ALCALDIAS),0
904980125,ALCALDIA MUNICIPAL DE JUCUARAN,GOBIERNOS LOCALES (ALCALDIAS),0
904990041,ALCALDIA MUNICIPAL DE SAN FRANCISCO,GOBIERNOS LOCALES (ALCALDIAS),0
904990161,ALCALDIA MUNICIPAL DE SAN DIONICIO,GOBIERNOS LOCALES (ALCALDIAS),0
005990010,ALCALDIA MUNICIPAL DE SAN EMIGDIO,GOBIERNOS LOCALES (ALCALDIAS),0
005990015,ALCALDIA MUNICIPAL DE TAPALHUACA,GOBIERNOS LOCALES (ALCALDIAS),0
105970008,ALCALDIA MUNICIPAL SAN RAFAEL OBRAJUELO,GOBIERNOS LOCALES (ALCALDIAS),0
105990024,ALCALDIA MUNICIPAL DE SAN JUAN NONUALCO,GOBIERNOS LOCALES (ALCALDIAS),0
105990029,ALCALDIA MUNICIPAL DE SAN ANTONIO MASAHU,GOBIERNOS LOCALES (ALCALDIAS),0
205990011,ALCALDIA MUNICIPAL DE SAN MIGUEL,GOBIERNOS LOCALES (ALCALDIAS),0
205990016,ALCALDIA MUNICIPAL PARAISO DE OSORIO,GOBIERNOS LOCALES (ALCALDIAS),0
305990008,ALCALDIA MUNICIPAL EL ROSARIO LA PAZ,GOBIERNOS LOCALES (ALCALDIAS),0
305990020,ALCALDIA MUNICIPAL DE ZACATECOLUCA,GOBIERNOS LOCALES (ALCALDIAS),0
305990025,ALCALDIA MUNICIPAL DE CUYULTITAN,GOBIERNOS LOCALES (ALCALDIAS),0
405990012,ALCALDIA MUNICIPAL DE SAN JUAN TEPEZONTE,GOBIERNOS LOCALES (ALCALDIAS),0
505990021,ALCALDIA MUNICIPAL DE SANTA MARIA OSTUMA,GOBIERNOS LOCALES (ALCALDIAS),0
505990060,ALCALDIA MUNICIPAL DE JERUSALEM,GOBIERNOS LOCALES (ALCALDIAS),0
605000025,ALCALDIA MUNICIPAL DE SAN PEDRO NONUALCO,GOBIERNOS LOCALES (ALCALDIAS),0
605990013,ALCALDIA MUNICIPAL DE SAN JUAN TALPA,GOBIERNOS LOCALES (ALCALDIAS),0
605990018,ALCALDIA MUNICIPAL DE SAN PEDRO MASAHUAT,GOBIERNOS LOCALES (ALCALDIAS),0
705980025,ALCALDIA MUNICIPAL DE SAN LUIS TALPA,GOBIERNOS LOCALES (ALCALDIAS),0
705990022,ALCALDIA MUNICIPAL DE SANTIAGO NONUALCO,GOBIERNOS LOCALES (ALCALDIAS),0
705990044,ALCALDIA MUNICIPAL DE SAN LUIS LA HERRAD,GOBIERNOS LOCALES (ALCALDIAS),0
705990061,ALCALDIA MUNICIPAL DE MERCEDES LA CEIBA.,GOBIERNOS LOCALES (ALCALDIAS),0
805000026,ALCALDIA MUNICIPAL DE SAN FRANCISCO CHIN,GOBIERNOS LOCALES (ALCALDIAS),0
805990019,ALCALDIA MUNICIPAL DE OLOCUILTA,GOBIERNOS LOCALES (ALCALDIAS),0
006990014,ALCALDIA MUNICIPAL DE CIUDAD BARRIOS,GOBIERNOS LOCALES (ALCALDIAS),0
006990019,ALCALDIA MUNICIPAL DE SN LUIS LA REINA,GOBIERNOS LOCALES (ALCALDIAS),0
006990092,ALCALDIA MUNICIPAL DE SAN JORGE,GOBIERNOS LOCALES (ALCALDIAS),0
106990006,ALCALDIA MUNICIPAL DE NUEVA GUADALUPE,GOBIERNOS LOCALES (ALCALDIAS),0
106990040,ALCALDIA MUNICIPAL DE MONCAGUA,GOBIERNOS LOCALES (ALCALDIAS),0
106990089,ALCALDIA MUNICIPAL DE CAROLINA,GOBIERNOS LOCALES (ALCALDIAS),0
206990093,ALCALDIA MUNICIPAL DE EL TRANSITO,GOBIERNOS LOCALES (ALCALDIAS),0
306990002,ALCALDIA MUNICIPAL DE CHIRILAGUA,GOBIERNOS LOCALES (ALCALDIAS),0
306990046,ALCALDIA MUNICIPAL DE SAN GERARDO,GOBIERNOS LOCALES (ALCALDIAS),0
306990144,ALCALDIA MUNICIPAL DE CHINAMECA,GOBIERNOS LOCALES (ALCALDIAS),0
406990050,ALCALDIA MUNICIPAL DE LOLOTIQUE,GOBIERNOS LOCALES (ALCALDIAS),0
406990094,ALCALDIA MUNICIPAL DE SAN RAFAEL ORIENTE,GOBIERNOS LOCALES (ALCALDIAS),0
506990025,ALCALDIA MUNICIPAL DE ULUAZAPA,GOBIERNOS LOCALES (ALCALDIAS),0
506990047,ALCALDIA MUNICIPAL DE COMACARAN,GOBIERNOS LOCALES (ALCALDIAS),0
806980131,ALCALDIA MUNICIPAL DE SESORI,GOBIERNOS LOCALES (ALCALDIAS),0
806990013,ALCALDIA MUNICIPAL DE QUELEPA,GOBIERNOS LOCALES (ALCALDIAS),0
806990018,ALCALDIA MUNICIPAL DE NVO EDEN DE SN JUA,GOBIERNOS LOCALES (ALCALDIAS),0
906990049,ALCALDIA MUNICIPAL DE CHAPELTIQUE,GOBIERNOS LOCALES (ALCALDIAS),0
906990061,ALCALDIA MUNICIPAL DE SAN MIGUEL,GOBIERNOS LOCALES (ALCALDIAS),0
906990083,ALCALDIA MUNICIPAL DE SN ANTONIO DL MOSC,GOBIERNOS LOCALES (ALCALDIAS),0
007990013,ALCALDIA MUNICIPAL DE JOATECA,GOBIERNOS LOCALES (ALCALDIAS),0
007990018,ALCALDIA MUNICIPAL DE MEANGUERA,GOBIERNOS LOCALES (ALCALDIAS),0
107990005,ALCALDIA MUNICIPAL DE CHILANGA,GOBIERNOS LOCALES (ALCALDIAS),0
107990022,ALCALDIA MUNICIPAL EL DIVISADERO,GOBIERNOS LOCALES (ALCALDIAS),0
207960035,ALCALDIA MUNICIPAL DE SAN FRANCISCO GOTE,GOBIERNOS LOCALES (ALCALDIAS),0
207990014,ALCALDIA MUNICIPAL DE ARAMBALA,GOBIERNOS LOCALES (ALCALDIAS),0
207990019,ALCALDIA MUNICIPAL DE SAN ISIDRO,GOBIERNOS LOCALES (ALCALDIAS),0
307980009,ALCALDIA MUNICIPAL DE CACAOPERA,GOBIERNOS LOCALES (ALCALDIAS),0
307980026,ALCALDIA MUNICIPAL DE PERQUIN,GOBIERNOS LOCALES (ALCALDIAS),0
307990006,ALCALDIA MUNICIPAL DE CORINTO,GOBIERNOS LOCALES (ALCALDIAS),0
407990010,ALCALDIA MUNICIPAL DE YAMABAL,GOBIERNOS LOCALES (ALCALDIAS),0
407990015,ALCALDIA MUNICIPAL DE SAN FERNANDO,GOBIERNOS LOCALES (ALCALDIAS),0
507970020,ALCALDIA MUNICIPAL DE JOCORO,GOBIERNOS LOCALES (ALCALDIAS),0
507990002,ALCALDIA MUNICIPAL DE GUATAJIAGUA,GOBIERNOS LOCALES (ALCALDIAS),0
507990007,ALCALDIA MUNICIPAL DE SOCIEDAD,GOBIERNOS LOCALES (ALCALDIAS),0
507990024,ALCALDIA MUNICIPAL DE LOLOTIQUILLO,GOBIERNOS LOCALES (ALCALDIAS),0
607990011,ALCALDIA MUNICIPAL DE TOROLA,GOBIERNOS LOCALES (ALCALDIAS),0
607990016,ALCALDIA MUNICIPAL DE JOCOAITIQUE,GOBIERNOS LOCALES (ALCALDIAS),0
707990003,ALCALDIA MUNICIPAL DE OSICALA,GOBIERNOS LOCALES (ALCALDIAS),0
707990008,ALCALDIA MUNICIPAL DE SAN CARLOS,GOBIERNOS LOCALES (ALCALDIAS),0
707990020,ALCALDIA MUNICIPAL DE GUALOCOCTI,GOBIERNOS LOCALES (ALCALDIAS),0
807990012,ALCALDIA MUNICIPAL DE DELICIAS DE CONCEP,GOBIERNOS LOCALES (ALCALDIAS),0
807990017,ALCALDIA MUNICIPAL DE VILLA EL ROSARIO,GOBIERNOS LOCALES (ALCALDIAS),0
907990004,ALCALDIA MUNICIPAL DE YOLOAIQUIN,GOBIERNOS LOCALES (ALCALDIAS),0
907990009,ALCALDIA MUNICIPAL DE SENSEMBRA,GOBIERNOS LOCALES (ALCALDIAS),0
907990021,ALCALDIA MUNICIPAL DE SAN SIMON,GOBIERNOS LOCALES (ALCALDIAS),0
008990012,ALCALDIA MUNICIPAL DE COJUTEPEQUE,GOBIERNOS LOCALES (ALCALDIAS),0
108990004,ALCALDIA MUNICIPAL DE EL CARMEN,GOBIERNOS LOCALES (ALCALDIAS),0
108990009,ALCALDIA MUNICIPAL DE SAN BARTOLOME PERU,GOBIERNOS LOCALES (ALCALDIAS),0
208990013,ALCALDIA MUNICIPAL DE SANTA CRUZ MICHAPA,GOBIERNOS LOCALES (ALCALDIAS),0
308990005,ALCALDIA MUNICIPAL DE CANDELARIA,GOBIERNOS LOCALES (ALCALDIAS),0
408990014,ALCALDIA MUNICIPAL DE SAN RAFAEL CEDROS,GOBIERNOS LOCALES (ALCALDIAS),0
508960022,ALCALDIA MUNICIPAL DE SAN PEDRO PERULAPA,GOBIERNOS LOCALES (ALCALDIAS),0
508990006,ALCALDIA MUNICIPAL DE SANTA CRUZ ANALQUI,GOBIERNOS LOCALES (ALCALDIAS),0
608990010,ALCALDIA MUNICIPAL DE MONTE SAN JUAN,GOBIERNOS LOCALES (ALCALDIAS),0
708980005,ALCALDIA MUNICIPAL DE SAN JOSE GUAYABAL,GOBIERNOS LOCALES (ALCALDIAS),0
708990007,ALCALDIA MUNICIPAL DE ORATORIO DE CONCEP,GOBIERNOS LOCALES (ALCALDIAS),0
808990011,ALCALDIA MUNICIPAL DE EL ROSARIO,GOBIERNOS LOCALES (ALCALDIAS),0
808990016,ALCALDIA MUNICIPAL DE SUCHITOTO,GOBIERNOS LOCALES (ALCALDIAS),0
908990003,ALCALDIA MUNICIPAL DE VILLA SAN CRISTOBA,GOBIERNOS LOCALES (ALCALDIAS),0
908990008,ALCALDIA MUNICIPAL DE SAN RAMON,GOBIERNOS LOCALES (ALCALDIAS),0
908990020,ALCALDIA MUNICIPAL DE TENANCINGO,GOBIERNOS LOCALES (ALCALDIAS),0
009990011,ALCALDIA MUNICIPAL DE SAN LORENZO,GOBIERNOS LOCALES (ALCALDIAS),0
009990016,ALCALDIA MUNICIPAL DE GUADALUPE,GOBIERNOS LOCALES (ALCALDIAS),0
109990003,ALCALDIA MUNICIPAL DE SAN SEBASTIAN,GOBIERNOS LOCALES (ALCALDIAS),0
109990020,ALCALDIA MUNICIPAL DE NUEVO TEPETITAN,GOBIERNOS LOCALES (ALCALDIAS),0
209990012,ALCALDIA MUNICIPAL DE SANTO DOMINGO,GOBIERNOS LOCALES (ALCALDIAS),0
309990021,ALCALDIA MUNICIPAL DE SAN CAYETANO ISTEP,GOBIERNOS LOCALES (ALCALDIAS),0
409990013,ALCALDIA MUNICIPAL DE TECOLUCA,GOBIERNOS LOCALES (ALCALDIAS),0
409990018,ALCALDIA MUNICIPAL DE SAN ESTEBAN CATARI,GOBIERNOS LOCALES (ALCALDIAS),0
609990019,ALCALDIA MUNICIPAL DE APASTEPEQUE,GOBIERNOS LOCALES (ALCALDIAS),0
809960058,ALCALDIA MUNICIPAL DE SAN VICENTE,GOBIERNOS LOCALES (ALCALDIAS),0
809990010,ALCALDIA MUNICIPAL DE SAN ILDEFONSO,GOBIERNOS LOCALES (ALCALDIAS),0
809990015,ALCALDIA MUNICIPAL DE VERAPAZ,GOBIERNOS LOCALES (ALCALDIAS),0
909990002,ALCALDIA MUNICIPAL DE SANTA CLARA,GOBIERNOS LOCALES (ALCALDIAS),0
010990022,ALCALDIA MUNICIPAL DE TACUBA,GOBIERNOS LOCALES (ALCALDIAS),0
110990019,ALCALDIA MUNICIPAL DE SAN LORENZO,GOBIERNOS LOCALES (ALCALDIAS),0
310990015,ALCALDIA MUNICIPAL DE EL REFUGIO,GOBIERNOS LOCALES (ALCALDIAS),0
410980005,ALCALDIA MUNICIPAL DE SAN FRANCISCO MENE,GOBIERNOS LOCALES (ALCALDIAS),0
510960010,ALCALDIA MUNICIPAL DE AHUACHAPAN,GOBIERNOS LOCALES (ALCALDIAS),0
610930023,ALCALDIA MUNICIPAL DE GUAYMANGO,GOBIERNOS LOCALES (ALCALDIAS),0
610980001,ALCALDIA MUNICIPAL DE ATIQUIZAYA,GOBIERNOS LOCALES (ALCALDIAS),0
610990020,ALCALDIA MUNICIPAL DE SAN PEDRO PUXTLA,GOBIERNOS LOCALES (ALCALDIAS),0
810990021,ALCALDIA MUNICIPAL DE CONCEPCION D ATACO,GOBIERNOS LOCALES (ALCALDIAS),0
910940057,ALCALDIA MUNICIPAL DE JUJUTLA,GOBIERNOS LOCALES (ALCALDIAS),0
910990013,ALCALDIA MUNICIPAL DE TURIN,GOBIERNOS LOCALES (ALCALDIAS),0
910990018,ALCALDIA MUNICIPAL DE APANECA,GOBIERNOS LOCALES (ALCALDIAS),0
011970022,ALCALDIA MUNICIPAL DE CANDELARIA LA FRON,GOBIERNOS LOCALES (ALCALDIAS),0
011990082,ALCALDIA MUNICIPAL DE SAN SEBASTIAN SALI,GOBIERNOS LOCALES (ALCALDIAS),0
111980038,ALCALDIA MUNICIPAL DE COATEPEQUE,GOBIERNOS LOCALES (ALCALDIAS),0
111990096,ALCALDIA MUNICIPAL DE TEXISTEPEQUE,GOBIERNOS LOCALES (ALCALDIAS),0
211990061,ALCALDIA MUNICIPAL EL PORVENIR,GOBIERNOS LOCALES (ALCALDIAS),0
211990088,ALCALDIA MUNICIPAL DE CHALCHUAPA,GOBIERNOS LOCALES (ALCALDIAS),0
511990118,ALCALDIA MUNICIPAL DE METAPAN,GOBIERNOS LOCALES (ALCALDIAS),0
711920257,ALCALDIA MUNICIPAL DE SANTIAGO DE LA FRO,GOBIERNOS LOCALES (ALCALDIAS),0
711990094,ALCALDIA MUNICIPAL DE MASAHUAT,GOBIERNOS LOCALES (ALCALDIAS),0
811990069,ALCALDIA MUNICIPAL DE SAN ANTONIO PAJONA,GOBIERNOS LOCALES (ALCALDIAS),0
911910119,ALCALDIA MUNICIPAL DE SANTA ANA,GOBIERNOS LOCALES (ALCALDIAS),0
911970035,ALCALDIA MUNICIPAL DE VILLA EL CONGO,GOBIERNOS LOCALES (ALCALDIAS),0
911990095,ALCALDIA MUNICIPAL SANTA ROSA GUACHIPILI,GOBIERNOS LOCALES (ALCALDIAS),0
012990003,ALCALDIA MUNICIPAL DE CHALATENANGO,GOBIERNOS LOCALES (ALCALDIAS),0
012990008,ALCALDIA MUNICIPAL DE LAS VUELTAS,GOBIERNOS LOCALES (ALCALDIAS),0
012990020,ALCALDIA MUNICIPAL NOMBRE DE JESUS,GOBIERNOS LOCALES (ALCALDIAS),0
012990025,ALCALDIA MUNICIPAL SAN ANTONIO D LA CRUZ,GOBIERNOS LOCALES (ALCALDIAS),0
112990012,ALCALDIA MUNICIPAL DE EL CARRIZAL,GOBIERNOS LOCALES (ALCALDIAS),0
112990017,ALCALDIA MUNICIPAL DE SAN FRANCISCO LEMP,GOBIERNOS LOCALES (ALCALDIAS),0
212990004,ALCALDIA MUNICIPAL DE NUEVA TRINIDAD,GOBIERNOS LOCALES (ALCALDIAS),0
212990009,ALCALDIA MUNICIPAL DE CONCEPCION QUEZALT,GOBIERNOS LOCALES (ALCALDIAS),0
212990021,ALCALDIA MUNICIPAL DE SANTA RITA,GOBIERNOS LOCALES (ALCALDIAS),0
212990026,ALCALDIA MUNICIPAL DE LA REINA,GOBIERNOS LOCALES (ALCALDIAS),0
312990013,ALCALDIA MUNICIPAL DE SAN RAFAEL,GOBIERNOS LOCALES (ALCALDIAS),0
312990018,ALCALDIA MUNICIPAL DE SAN LUIS DEL CARME,GOBIERNOS LOCALES (ALCALDIAS),0
312990030,ALCALDIA MUNICIPAL DE SAN JOSE CANCASQUE,GOBIERNOS LOCALES (ALCALDIAS),0
412960004,ALCALDIA MUNICIPAL DE TEJUTLA,GOBIERNOS LOCALES (ALCALDIAS),0
412990005,ALCALDIA MUNICIPAL DE ARCATAO,GOBIERNOS LOCALES (ALCALDIAS),0
412990022,ALCALDIA MUNICIPAL EL PARAISO,GOBIERNOS LOCALES (ALCALDIAS),0
412990027,ALCALDIA MUNICIPAL DE SAN IGNACIO,GOBIERNOS LOCALES (ALCALDIAS),0
512990014,ALCALDIA MUNICIPAL LA LAGUNA,GOBIERNOS LOCALES (ALCALDIAS),0
512990019,ALCALDIA MUNICIPAL DE SAN MIGUEL DE MERC,GOBIERNOS LOCALES (ALCALDIAS),0
512990031,ALCALDIA MUNICIPAL DE NUEVA CONCEPCION,GOBIERNOS LOCALES (ALCALDIAS),0
612990006,ALCALDIA MUNICIPAL DE SAN ISIDRO LABRADR,GOBIERNOS LOCALES (ALCALDIAS),0
612990023,ALCALDIA MUNICIPAL DE SAN FERNANDO,GOBIERNOS LOCALES (ALCALDIAS),0
612990028,ALCALDIA MUNICIPAL DE SAN FRANCISCO MORA,GOBIERNOS LOCALES (ALCALDIAS),0
712990010,ALCALDIA MUNICIPAL DE COMALAPA,GOBIERNOS LOCALES (ALCALDIAS),0
712990015,ALCALDIA MUNICIPAL DE SAN ANTONIO LOS RA,GOBIERNOS LOCALES (ALCALDIAS),0
712990032,ALCALDIA MUNICIPAL DE AGUA CALIENTE,GOBIERNOS LOCALES (ALCALDIAS),0
812000014,ALCALDIA MUNICIPAL DE AZACUALPA,GOBIERNOS LOCALES (ALCALDIAS),0
812980005,ALCALDIA MUNICIPAL DE LA PALMA,GOBIERNOS LOCALES (ALCALDIAS),0
812990007,ALCALDIA MUNICIPAL DE POTONICO,GOBIERNOS LOCALES (ALCALDIAS),0
812990024,ALCALDIA MUNICIPAL DE SAN JOSE LAS FLORE,GOBIERNOS LOCALES (ALCALDIAS),0
812990029,ALCALDIA MUNICIPAL DE CITALA,GOBIERNOS LOCALES (ALCALDIAS),0
912990011,ALCALDIA MUNICIPAL DULCE NOMBRE DE MARIA,GOBIERNOS LOCALES (ALCALDIAS),0
912990016,ALCALDIA MUNICIPAL OJOS DE AGUA,GOBIERNOS LOCALES (ALCALDIAS),0
013990007,ALCALDIA MUNICIPAL DE CINQUERA,GOBIERNOS LOCALES (ALCALDIAS),0
213990008,ALCALDIA MUNICIPAL DE CIUDAD DOLORES,GOBIERNOS LOCALES (ALCALDIAS),0
313990012,ALCALDIA MUNICIPAL DE SENSUNTEPEQUE,GOBIERNOS LOCALES (ALCALDIAS),0
313990017,ALCALDIA MUNICIPAL DE GUACOTECTI,GOBIERNOS LOCALES (ALCALDIAS),0
413990004,ALCALDIA MUNICIPAL DE VICTORIA,GOBIERNOS LOCALES (ALCALDIAS),0
513990018,ALCALDIA MUNICIPAL DE JUTIAPA,GOBIERNOS LOCALES (ALCALDIAS),0
613990005,ALCALDIA MUNICIPAL DE TEJUTEPEQUE,GOBIERNOS LOCALES (ALCALDIAS),0
813990006,ALCALDIA MUNICIPAL DE SAN ISIDRO,GOBIERNOS LOCALES (ALCALDIAS),0
913990010,ALCALDIA MUNICIPAL DE ILOBASCO,GOBIERNOS LOCALES (ALCALDIAS),0
014990001,ALCALDIA MUNICIPAL DE NUEVA ESPARTA,GOBIERNOS LOCALES (ALCALDIAS),0
014990006,ALCALDIA MUNICIPAL DE CONCHAGUA,GOBIERNOS LOCALES (ALCALDIAS),0
014990045,ALCALDIA MUNICIPAL DE MEANGUERA DL GOLFO,GOBIERNOS LOCALES (ALCALDIAS),0
214990007,ALCALDIA MUNICIPAL DE YUCUAIQUIN,GOBIERNOS LOCALES (ALCALDIAS),0
214990029,ALCALDIA MUNICIPAL DE PASAQUINA,GOBIERNOS LOCALES (ALCALDIAS),0
314990011,ALCALDIA MUNICIPAL DE CONCEPCION DE ORIE,GOBIERNOS LOCALES (ALCALDIAS),0
314990033,ALCALDIA MUNICIPAL DE LISLIQUE,GOBIERNOS LOCALES (ALCALDIAS),0
414990003,ALCALDIA MUNICIPAL DE SANTA ROSA DE LIMA,GOBIERNOS LOCALES (ALCALDIAS),0
514990034,ALCALDIA MUNICIPAL DE ANAMOROS,GOBIERNOS LOCALES (ALCALDIAS),0
514990039,ALCALDIA MUNICIPAL DE SAN JOSE LA FUENTE,GOBIERNOS LOCALES (ALCALDIAS),0
614990004,ALCALDIA MUNICIPAL EL CARMEN,GOBIERNOS LOCALES (ALCALDIAS),0
614990009,ALCALDIA MUNICIPAL DE LA UNION,GOBIERNOS LOCALES (ALCALDIAS),0
614990026,ALCALDIA MUNICIPAL DE EL SAUCE,GOBIERNOS LOCALES (ALCALDIAS),0
714990018,ALCALDIA MUNICIPAL DE BOLIVAR,GOBIERNOS LOCALES (ALCALDIAS),0
714990035,ALCALDIA MUNICIPAL DE YAYANTIQUE,GOBIERNOS LOCALES (ALCALDIAS),0
814990027,ALCALDIA MUNICIPAL DE POLOROS,GOBIERNOS LOCALES (ALCALDIAS),0
814990044,ALCALDIA MUNICIPAL DE INTIPUCA,GOBIERNOS LOCALES (ALCALDIAS),0
914990019,ALCALDIA MUNICIPAL DE SAN ALEJO,GOBIERNOS LOCALES (ALCALDIAS),0
501150787,SECRETARIA  DE CULTURA DE SAN SALVADOR  (ALCALDÖA S.S),GOBIERNOS LOCALES (ALCALDIAS),0
501160780,SECRETARIA  ANTIDROGAS DE SAN SALVADOR  (ALCALDÖA S.S),GOBIERNOS LOCALES (ALCALDIAS),0
801160951,PATRONATO DE BIENESTAR SOCIAL APOYO A MI SAN SALVADOR,,1
102160208,PATRONATO PROGRESANDO EN FAMILIA (ALCALDIA STA TECLA),,1
101070218,INSTITUTO MUNICIPAL DE DEPORTES Y RECREACION   (INDER)  ALCALDÖA SS),GOBIERNOS LOCALES (ALCALDIAS),0
712970016,FONDO DE INVERSION EDUCATIVA DE ALCALDIA MPAL DE DULCE NOMBRE DE MARIA (ESC. MUNICIPAL EL MANZANO),GOBIERNOS LOCALES (ALCALDIAS),0
701160780,SECRETARIA  ANTIDROGAS DE SAN SALVADOR  (ALCALDÍA S.S),GOBIERNOS LOCALES (ALCALDIAS),0
101020198,ADMINISTRACION GENERAL DE CEMENTERIOS DEL MUNICIPIO DE SAN SALVADOR,GOBIERNOS LOCALES (ALCALDIAS),0
901020114,CENTRO DE PROMOCION CULTURAL Y RECREATIVA MUNICIPAL DE SAN SALVADOR,GOBIERNOS LOCALES (ALCALDIAS),0
601141102,MINISTERIO DE LA DEFENSA NACIONAL - ESTADO MAYOR PRESIDENCIAL  (CONVENIO MINISTERIO-ISSS),MINISTERIO DE LA DEFENSA NACIONAL,0
401161384,SECRETARIA DE LA MUJER DE LA CIUDAD DE SAN SALVADOR,GOBIERNOS LOCALES (ALCALDIAS),0
